registration,reg_country_prefix,aoc,aircraft_type_raw,aircraft_variant,aircraft_msn,wo_count,first_issue_date,last_issue_date,max_total_hours,max_total_cycles,top_station,distinct_stations,top_ata_chapter
9H-REG00190,9H,Malta Air / Lauda Europe (Malta),B737-8,737-800,44730,39,2025-02-05,2026-09-12,31485.3,19336,MAD,19,33
9H-REG00172,9H,Malta Air / Lauda Europe (Malta),B737-8,737-800,44718,36,2025-03-20,2026-08-11,30983.9,19608,CRL,14,33
9H-REG00025,9H,Malta Air / Lauda Europe (Malta),B737-8,737-800,44734,34,2025-02-03,2026-08-04,30210.9,18619,STN,18,33
9H-REG00093,9H,Malta Air / Lauda Europe (Malta),B737-8,737-800,44733,34,2025-01-08,2026-09-01,58103.0,33636,DUB,19,33
9H-REG00045,9H,Malta Air / Lauda Europe (Malta),M73-82,737-8200,62326,33,2025-02-08,2026-09-12,17772.7,9237,DUB,14,33
9H-REG00057,9H,Malta Air / Lauda Europe (Malta),B737-8,737-800,44829,33,2024-12-21,2026-08-27,25588.0,14239,EMA,25,33
9H-REG00163,9H,Malta Air / Lauda Europe (Malta),B737-8,737-800,62690,33,2006-02-07,2026-09-06,30957.7,19107,AGP,13,33
EI-REG00055,EI,Ryanair DAC (Ireland),B737-8,737-800,44848,32,2025-01-08,2026-08-25,24698.0,11793,OPO,16,33
9H-REG00066,9H,Malta Air / Lauda Europe (Malta),B737-8,737-800,44834,32,2024-12-23,2026-07-28,25123.6,13919,VCE,20,33
SP-REG00105,SP,Buzz (Poland),B737-8,737-800,44826,32,2025-01-09,2026-09-08,26912.5,13894,BUD,13,33
9H-REG00029,9H,Malta Air / Lauda Europe (Malta),B737-8,737-800,44762,30,2025-01-13,2026-09-02,28023.5,17550,STN,17,33
SP-REG00044,SP,Buzz (Poland),B737-8,737-800,44798,30,2025-02-03,2026-07-27,30213.8,13531,KTW,10,33
9H-REG00145,9H,Malta Air / Lauda Europe (Malta),B737-8,737-800,44804,30,2025-01-20,2026-08-18,28043.9,14368,REG,19,33
9H-REG00061,9H,Malta Air / Lauda Europe (Malta),B737-8,737-800,44727,29,2024-12-26,2026-08-29,31862.4,19809,MRS,15,33
SP-REG00148,SP,Buzz (Poland),B737-8,737-800,44736,29,2025-03-11,2026-09-11,31625.0,18308,KRK,14,33
9H-REG00250,9H,Malta Air / Lauda Europe (Malta),B737-8,737-800,44731,29,2024-12-24,2026-08-11,31145.6,19305,STN,17,33
9H-REG00080,9H,Malta Air / Lauda Europe (Malta),M73-82,737-8200,62332,28,2025-01-27,2026-07-05,17156.5,9225,DUB,14,33
9H-REG00108,9H,Malta Air / Lauda Europe (Malta),B737-8,737-800,44716,28,2025-03-07,2026-08-24,31130.6,19485,MAD,17,33
9H-REG00286,9H,Malta Air / Lauda Europe (Malta),B737-8,737-800,44724,28,2025-01-14,2026-08-27,31496.4,19403,STN,13,33
9H-REG00060,9H,Malta Air / Lauda Europe (Malta),B737-8,737-800,61580,27,2025-02-06,2026-09-01,31488.2,19606,CRL,13,33
9H-REG00140,9H,Malta Air / Lauda Europe (Malta),B737-8,737-800,44735,27,2025-01-04,2026-08-16,31049.9,19288,MAD,17,33
EI-REG00153,EI,Ryanair DAC (Ireland),M73-82,737-8200,65888,27,2025-02-24,2026-09-01,17736.3,8087,EDI,13,33
9H-REG00213,9H,Malta Air / Lauda Europe (Malta),B737-8,737-800,44721,27,2025-01-02,2026-09-08,31174.7,19052,DUB,15,33
9H-REG00214,9H,Malta Air / Lauda Europe (Malta),B737-8,737-800,44742,27,2025-02-23,2026-08-21,30171.4,18977,DUB,14,33
9H-REG00047,9H,Malta Air / Lauda Europe (Malta),B737-8,737-800,44717,26,2025-02-20,2026-09-05,31562.3,19687,STN,16,33
9H-REG00058,9H,Malta Air / Lauda Europe (Malta),B737-8,737-800,44769,26,2025-01-10,2026-09-08,27948.8,17568,RAK,12,33
SP-REG00077,SP,Buzz (Poland),B737-8,737-800,44729,26,2025-01-01,2026-06-20,31511.9,18221,CGN,14,33
9H-REG00088,9H,Malta Air / Lauda Europe (Malta),M73-82,737-8200,65877,26,2025-02-10,2026-09-06,18806.7,9938,STN,13,33
9H-REG00142,9H,Malta Air / Lauda Europe (Malta),B737-8,737-800,44737,26,2025-01-03,2026-09-06,30890.0,19434,STN,15,33
9H-REG00166,9H,Malta Air / Lauda Europe (Malta),B737-8,737-800,44813,26,2025-01-30,2026-09-08,26704.5,14814,FCO,18,33
9H-REG00199,9H,Malta Air / Lauda Europe (Malta),B737-8,737-800,44752,26,2025-05-06,2026-09-13,29595.2,18657,AGP,11,33
SP-REG00216,SP,Buzz (Poland),B737-8,737-800,44841,26,2025-01-02,2026-08-25,25762.5,13414,WMI,8,33
9H-REG00262,9H,Malta Air / Lauda Europe (Malta),B737-8,737-800,44764,26,2025-02-09,2026-08-26,28562.0,17843,DUB,17,33
G-REG00015,G,Ryanair UK (UK),B737-8,737-800,44690,25,2025-02-16,2026-02-12,37485.2,16711,STN,4,25
9H-REG00035,9H,Malta Air / Lauda Europe (Malta),B737-8,737-800,44713,25,2025-01-08,2026-08-19,31927.7,19564,STN,16,33
9H-REG00068,9H,Malta Air / Lauda Europe (Malta),B737-8,737-800,44753,25,2025-01-14,2026-09-10,29213.9,18027,STN,15,33
SP-REG00082,SP,Buzz (Poland),B737-8,737-800,44843,25,2024-12-23,2026-08-22,26162.7,13737,WMI,11,33
SP-REG00107,SP,Buzz (Poland),B737-8,737-800,44806,25,2025-04-02,2026-09-04,27780.9,14530,KRK,13,33
SP-REG00177,SP,Buzz (Poland),B737-8,737-800,44835,25,2025-01-25,2026-09-02,62647.8,37302,BTS,11,33
EI-REG00209,EI,Ryanair DAC (Ireland),B737-8,737-800,44853,25,2025-01-14,2026-09-07,25733.0,11819,AGP,11,33
9H-REG00246,9H,Malta Air / Lauda Europe (Malta),B737-8,737-800,44772,25,2025-01-04,2026-08-08,27906.2,17111,MAN,15,33
SP-REG00323,SP,Buzz (Poland),B737-8,737-800,44840,25,2025-01-20,2026-09-09,25906.4,13635,BUD,9,33
9H-REG00508,9H,Malta Air / Lauda Europe (Malta),B737-8,737-800,44768,25,2025-01-25,2026-09-11,28635.4,17487,STN,12,33
9H-REG00031,9H,Malta Air / Lauda Europe (Malta),B737-8,737-800,44726,24,2025-02-04,2026-08-20,30889.0,19124,ARN,17,33
9H-REG00042,9H,Malta Air / Lauda Europe (Malta),B737-8,737-800,44801,24,2025-01-04,2026-07-21,28078.5,13725,ALC,11,25
EI-REG00049,EI,Ryanair DAC (Ireland),B737-8,737-800,44851,24,2024-12-23,2026-08-05,24617.0,11559,LIS,12,33
EI-REG00257,EI,Ryanair DAC (Ireland),M73-82,737-8200,65880,24,2025-02-02,2026-08-21,17397.5,7526,OPO,12,33
9H-REG00018,9H,Malta Air / Lauda Europe (Malta),B737-8,737-800,44819,23,2025-02-13,2026-08-30,26594.5,14519,BTS,13,33
9H-REG00023,9H,Malta Air / Lauda Europe (Malta),B737-8,737-800,44773,23,2025-01-02,2026-05-26,27199.5,16504,DUB,16,25
9H-REG00051,9H,Malta Air / Lauda Europe (Malta),B737-8,737-800,44744,23,2025-04-12,2026-08-03,30173.0,18794,SCQ,13,33
SP-REG00075,SP,Buzz (Poland),B737-8,737-800,44845,23,2025-05-03,2026-09-07,26347.2,13708,KRK,12,33
SP-REG00091,SP,Buzz (Poland),B737-8,737-800,44743,23,2024-12-22,2026-09-03,31682.2,18568,WMI,14,33
9H-REG00189,9H,Malta Air / Lauda Europe (Malta),B737-8,737-800,44770,23,2025-01-22,2026-09-11,28459.2,17808,MAD,14,25
SP-REG00202,SP,Buzz (Poland),M73-82,737-8200,62318,23,2025-03-10,2026-09-09,18822.2,9387,KRK,10,33
9H-REG00252,9H,Malta Air / Lauda Europe (Malta),B737-8,737-800,44811,23,2025-01-22,2026-08-09,25760.2,14308,CGN,14,33
9H-REG00283,9H,Malta Air / Lauda Europe (Malta),B737-8,737-800,44715,23,2025-01-09,2026-09-04,31805.7,18073,VLC,15,33
SP-REG00289,SP,Buzz (Poland),M73-82,737-8200,62323,23,2025-02-02,2026-08-13,18548.9,9316,KRK,10,33
SP-REG00461,SP,Buzz (Poland),B737-8,737-800,44785,23,2025-01-01,2026-08-05,28156.6,15916,KRK,11,33
SP-REG00478,SP,Buzz (Poland),B737-8,737-800,44839,23,2025-01-16,2026-09-11,26485.0,13736,BUD,11,33
9H-REG00006,9H,Malta Air / Lauda Europe (Malta),B737-8,737-800,44803,22,2025-05-20,2026-09-11,29197.0,13405,BGY,12,25
9H-REG00032,9H,Malta Air / Lauda Europe (Malta),B737-8,737-800,44833,22,2025-01-11,2026-08-19,25088.8,13996,STN,13,33
EI-REG00073,EI,Ryanair DAC (Ireland),B737-8,737-800,44846,22,2024-12-16,2026-07-23,24976.4,11686,OPO,14,33
9H-REG00102,9H,Malta Air / Lauda Europe (Malta),B737-8,737-800,44824,22,2025-01-28,2026-07-13,25886.5,14293,STN,13,33
SP-REG00117,SP,Buzz (Poland),B737-8,737-800,44842,22,2025-01-08,2026-08-20,25872.5,13498,POZ,9,33
9H-REG00121,9H,Malta Air / Lauda Europe (Malta),B737-8,737-800,44711,22,2025-01-07,2026-08-12,30845.2,19298,STN,13,33
EI-REG00230,EI,Ryanair DAC (Ireland),B737-8,737-800,35034,22,2025-01-13,2026-08-23,48390.1,25182,BGY,16,25
9H-REG00239,9H,Malta Air / Lauda Europe (Malta),B737-8,737-800,44712,22,2025-01-13,2026-09-11,31896.6,19937,BGY,13,33
9H-REG00241,9H,Malta Air / Lauda Europe (Malta),B737-8,737-800,44760,22,2025-01-19,2026-09-07,28969.4,18062,ALC,13,33
EI-REG00249,EI,Ryanair DAC (Ireland),M73-82,737-8200,65879,22,2025-01-11,2026-06-17,19099.5,8207,STN,13,33
EI-REG00295,EI,Ryanair DAC (Ireland),B737-8,737-800,44852,22,2025-01-01,2026-08-27,24531.9,11914,OPO,13,33
EI-REG00298,EI,Ryanair DAC (Ireland),M73-82,737-8200,62330,22,2025-01-19,2026-09-10,20021.7,8793,LIS,11,25
9H-REG00385,9H,Malta Air / Lauda Europe (Malta),M73-82,737-8200,62328,22,2025-01-30,2026-08-20,18666.8,9948,CRL,13,33
EI-REG00132,EI,Ryanair DAC (Ireland),M73-82,737-8200,67074,21,2024-12-27,2026-09-04,13769.5,6584,CRL,11,33
9H-REG00197,9H,Malta Air / Lauda Europe (Malta),B737-8,737-800,44739,21,2024-12-21,2026-09-13,30845.1,18828,FKB,17,33
EI-REG00218,EI,Ryanair DAC (Ireland),B737-8,737-800,44855,21,2024-12-18,2026-09-03,24524.5,11753,LIS,9,33
9H-REG00219,9H,Malta Air / Lauda Europe (Malta),B737-8,737-800,44838,21,2025-01-13,2026-09-09,25605.6,14034,RAK,13,25
EI-REG00254,EI,Ryanair DAC (Ireland),B737-8,737-800,44860,21,2025-01-22,2026-09-03,24489.0,11545,STN,10,33
9H-REG00284,9H,Malta Air / Lauda Europe (Malta),B737-8,737-800,44765,21,2025-01-26,2026-08-02,27883.2,17415,BCN,16,33
SP-REG00288,SP,Buzz (Poland),B737-8,737-800,44786,21,2025-02-23,2026-08-14,28001.7,16160,BUD,10,33
SP-REG00305,SP,Buzz (Poland),M73-82,737-8200,62322,21,2025-01-02,2026-09-09,18114.3,9024,KRK,6,25
SP-REG00339,SP,Buzz (Poland),M73-82,737-8200,62336,21,2025-03-09,2026-09-04,17311.2,8541,KRK,7,33
SP-REG00368,SP,Buzz (Poland),M73-82,737-8200,62320,21,2025-02-11,2026-09-01,18054.1,9039,KRK,8,33
EI-REG00391,EI,Ryanair DAC (Ireland),B737-8,737-800,44857,21,2025-01-02,2026-08-04,24188.8,11305,OPO,9,33
9H-REG00408,9H,Malta Air / Lauda Europe (Malta),B737-8,737-800,44820,21,2025-01-04,2026-09-10,25909.9,14218,ALC,14,33
EI-REG00423,EI,Ryanair DAC (Ireland),B737-8,737-800,44849,21,2025-01-23,2026-08-03,25015.6,11422,OPO,11,33
9H-REG00008,9H,Malta Air / Lauda Europe (Malta),B737-8,737-800,44763,20,2024-12-24,2026-08-29,27859.8,17306,STN,12,33
9H-REG00048,9H,Malta Air / Lauda Europe (Malta),B737-8,737-800,44709,20,2025-01-01,2026-09-11,33055.1,18749,BGY,10,72
9H-REG00071,9H,Malta Air / Lauda Europe (Malta),B737-8,737-800,44793,20,2025-02-10,2026-08-08,26946.8,16883,NUE,15,33
9H-REG00084,9H,Malta Air / Lauda Europe (Malta),B737-8,737-800,44800,20,2025-01-13,2026-07-30,28913.6,13500,MAN,12,25
G-REG00094,G,Ryanair UK (UK),B737-8,737-800,36575,20,2025-01-03,2026-03-07,58364.9,32512,STN,2,25
9H-REG00100,9H,Malta Air / Lauda Europe (Malta),B737-8,737-800,44745,20,2025-01-22,2026-08-28,30600.5,18725,DUB,13,33
9H-REG00115,9H,Malta Air / Lauda Europe (Malta),B737-8,737-800,44781,20,2025-02-11,2026-09-09,27622.6,17521,STN,11,25
9H-REG00135,9H,Malta Air / Lauda Europe (Malta),B737-8,737-800,44722,20,2025-04-26,2026-09-05,31366.1,19556,VCE,13,33
SP-REG00137,SP,Buzz (Poland),B737-8,737-800,44775,20,2025-01-30,2026-09-06,28815.1,16306,TIA,12,33
9H-REG00174,9H,Malta Air / Lauda Europe (Malta),M73-82,737-8200,65878,20,2025-01-23,2026-09-05,19164.8,9926,AGP,14,33
9H-REG00208,9H,Malta Air / Lauda Europe (Malta),M73-82,737-8200,67090,20,2025-01-03,2026-07-01,9770.1,5015,ACE,11,33
9H-REG00280,9H,Malta Air / Lauda Europe (Malta),M73-82,737-8200,65874,20,2025-04-02,2026-08-16,18828.2,9951,STN,12,33
9H-REG00357,9H,Malta Air / Lauda Europe (Malta),M73-82,737-8200,65876,20,2025-02-20,2026-08-24,19229.0,9923,AGP,10,33
9H-REG00387,9H,Malta Air / Lauda Europe (Malta),M73-82,737-8200,62331,20,2025-05-02,2026-09-06,17470.7,9324,CGN,14,33
EI-REG00397,EI,Ryanair DAC (Ireland),M73-82,737-8200,67080,20,2025-01-02,2026-08-08,12435.7,5721,LTN,14,33
EI-REG00421,EI,Ryanair DAC (Ireland),B737-8,737-800,44836,20,2025-01-18,2026-08-15,26292.8,12692,OPO,10,33
SP-REG00012,SP,Buzz (Poland),B737-8,737-800,44832,19,2024-12-30,2026-08-25,26088.5,13476,KRK,9,33
9H-REG00019,9H,Malta Air / Lauda Europe (Malta),B737-8,737-800,36075,19,2025-01-28,2026-08-30,59077.7,34629,DUB,11,38
EI-REG00039,EI,Ryanair DAC (Ireland),M73-82,737-8200,67104,19,2025-04-16,2026-09-08,8897.2,4341,PFO,10,33
EI-REG00056,EI,Ryanair DAC (Ireland),M73-82,737-8200,67110,19,2025-01-27,2026-09-01,10031.9,4854,BGY,12,25
9H-REG00081,9H,Malta Air / Lauda Europe (Malta),B737-8,737-800,62691,19,2025-01-18,2026-08-09,30799.6,19243,CRL,13,33
9H-REG00104,9H,Malta Air / Lauda Europe (Malta),B737-8,737-800,44751,19,2025-03-06,2026-08-28,29078.8,18275,STN,10,33
9H-REG00120,9H,Malta Air / Lauda Europe (Malta),B737-8,737-800,44725,19,2024-12-29,2026-08-21,31209.3,19193,DUB,13,33
EI-REG00123,EI,Ryanair DAC (Ireland),M73-82,737-8200,62355,19,2025-01-09,2026-08-16,11695.1,5472,MAD,10,33
G-REG00144,G,Ryanair UK (UK),B737-8,737-800,33618,19,2025-01-14,2026-03-30,59428.2,33697,STN,6,25
EI-REG00187,EI,Ryanair DAC (Ireland),M73-82,737-8200,62372,19,2024-12-23,2026-08-01,10129.7,4838,MAD,11,25
9H-REG00194,9H,Malta Air / Lauda Europe (Malta),B737-8,737-800,44741,19,2025-02-02,2026-09-08,30826.6,19125,FMM,11,33
9H-REG00242,9H,Malta Air / Lauda Europe (Malta),B737-8,737-800,44782,19,2025-01-21,2026-06-26,26224.4,16590,BGY,11,33
SP-REG00274,SP,Buzz (Poland),B737-8,737-800,44783,19,2025-02-26,2026-09-08,28435.0,16395,WRO,11,33
9H-REG00279,9H,Malta Air / Lauda Europe (Malta),M73-82,737-8200,62303,19,2025-01-05,2026-09-03,17939.3,9564,FAO,13,33
9H-REG00313,9H,Malta Air / Lauda Europe (Malta),B737-8,737-800,44696,19,2025-01-25,2026-08-31,35024.3,20563,BGY,11,25
9H-REG00350,9H,Malta Air / Lauda Europe (Malta),B737-8,737-800,44714,19,2025-01-14,2026-08-30,32219.7,18355,STN,16,33
EI-REG00392,EI,Ryanair DAC (Ireland),M73-82,737-8200,62344,19,2025-01-01,2026-07-09,13519.4,6357,STN,13,33
9H-REG00394,9H,Malta Air / Lauda Europe (Malta),B737-8,737-800,44720,19,2025-01-28,2026-08-22,31110.5,19511,CGN,12,33
9H-REG00398,9H,Malta Air / Lauda Europe (Malta),B737-8,737-800,44815,19,2025-01-07,2026-04-20,25078.7,14072,DUB,13,33
EI-REG00413,EI,Ryanair DAC (Ireland),M73-82,737-8200,62352,19,2025-01-31,2026-06-14,12415.2,5831,EMA,13,33
9H-REG00434,9H,Malta Air / Lauda Europe (Malta),B737-8,737-800,62692,19,2025-01-18,2026-09-07,30567.9,19023,VCE,14,33
9H-REG00445,9H,Malta Air / Lauda Europe (Malta),B737-8,737-800,44831,19,2025-02-21,2026-09-08,25972.0,14393,CFU,16,33
SP-REG00455,SP,Buzz (Poland),B737-8,737-800,44807,19,2025-01-14,2026-09-12,27490.4,14412,STN,11,33
SP-REG00548,SP,Buzz (Poland),B737-8,737-800,44746,19,2025-02-21,2026-06-13,29520.5,17081,KRK,12,33
9H-REG00559,9H,Malta Air / Lauda Europe (Malta),M73-82,737-8200,62338,19,2025-01-07,2026-09-11,16782.8,9199,STN,14,33
EI-REG00085,EI,Ryanair DAC (Ireland),B737-8,737-800,33599,18,2025-01-19,2026-09-10,63092.3,37100,STN,10,25
9H-REG00097,9H,Malta Air / Lauda Europe (Malta),M73-82,737-8200,65082,18,2025-01-03,2026-08-30,19079.9,10037,CPH,9,33
9H-REG00109,9H,Malta Air / Lauda Europe (Malta),B737-8,737-800,44828,18,2025-01-02,2026-08-27,25986.6,14368,STN,12,33
9H-REG00128,9H,Malta Air / Lauda Europe (Malta),B737-8,737-800,44719,18,2025-07-06,2026-08-28,31946.7,19655,CRL,13,33
EI-REG00150,EI,Ryanair DAC (Ireland),M73-82,737-8200,67095,18,2025-01-09,2026-07-20,10237.9,4785,MAD,12,33
9H-REG00184,9H,Malta Air / Lauda Europe (Malta),M73-82,737-8200,65883,18,2025-04-16,2026-09-01,17723.8,9262,EMA,13,33
EI-REG00211,EI,Ryanair DAC (Ireland),M73-82,737-8200,62324,18,2025-01-11,2026-08-23,15098.1,7271,BGY,12,25
SP-REG00224,SP,Buzz (Poland),B737-8,737-800,44805,18,2025-02-22,2026-09-11,27904.2,14642,KRK,7,33
SP-REG00236,SP,Buzz (Poland),M73-82,737-8200,62319,18,2024-12-29,2026-07-15,17726.8,8808,KRK,10,25
EI-REG00263,EI,Ryanair DAC (Ireland),M73-82,737-8200,65085,18,2025-06-26,2026-09-13,17556.3,8273,EMA,15,33
9H-REG00355,9H,Malta Air / Lauda Europe (Malta),B737-8,737-800,44728,18,2025-01-03,2026-09-04,31405.0,19588,MAD,13,33
9H-REG00365,9H,Malta Air / Lauda Europe (Malta),B737-8,737-800,44823,18,2024-12-30,2026-06-01,25055.2,13643,STN,11,33
SP-REG00384,SP,Buzz (Poland),B737-8,737-800,44844,18,2025-04-01,2026-06-27,25531.3,13272,WMI,7,33
9H-REG00386,9H,Malta Air / Lauda Europe (Malta),B737-8,737-800,44723,18,2025-02-09,2026-07-12,30664.5,19055,OPO,12,33
9H-REG00411,9H,Malta Air / Lauda Europe (Malta),B737-8,737-800,44818,18,2025-01-03,2026-08-27,26090.8,14400,STN,10,33
EI-REG00471,EI,Ryanair DAC (Ireland),M73-82,737-8200,62301,18,2025-01-10,2026-09-10,20159.9,9035,ACE,12,33
SP-REG00473,SP,Buzz (Poland),B737-8,737-800,44738,18,2025-02-05,2026-09-11,32639.2,18622,KRK,12,33
9H-REG00534,9H,Malta Air / Lauda Europe (Malta),M73-82,737-8200,65894,18,2025-03-15,2026-07-09,15151.8,7938,STN,13,33
9H-REG00565,9H,Malta Air / Lauda Europe (Malta),B737-8,737-800,44802,18,2025-02-22,2026-08-26,28784.1,13816,DUB,10,33
9H-REG00030,9H,Malta Air / Lauda Europe (Malta),B737-8,737-800,44740,17,2025-01-25,2026-09-11,30033.0,18865,FKB,10,33
EI-REG00070,EI,Ryanair DAC (Ireland),M73-82,737-8200,62356,17,2025-05-24,2026-09-07,11897.0,5657,CGN,12,33
EI-REG00154,EI,Ryanair DAC (Ireland),M73-82,737-8200,62354,17,2025-03-03,2026-09-13,13151.6,6320,FAO,10,25
9H-REG00161,9H,Malta Air / Lauda Europe (Malta),B737-8,737-800,61576,17,2025-02-09,2026-09-07,35155.8,20289,BGY,12,26
EI-REG00168,EI,Ryanair DAC (Ireland),M73-82,737-8200,67083,17,2025-02-08,2026-04-04,11419.9,5534,CGN,15,33
9H-REG00191,9H,Malta Air / Lauda Europe (Malta),M73-82,737-8200,65882,17,2025-01-20,2026-09-10,17402.6,9290,PFO,13,33
SP-REG00200,SP,Buzz (Poland),B737-8,737-800,44776,17,2025-03-07,2026-09-06,28914.4,16691,BUD,8,33
EI-REG00260,EI,Ryanair DAC (Ireland),M73-82,737-8200,62329,17,2025-01-16,2026-08-23,16734.3,7684,FAO,12,33
EI-REG00261,EI,Ryanair DAC (Ireland),M73-82,737-8200,67116,17,2024-12-27,2026-09-07,7707.1,3361,EDI,14,33
9H-REG00303,9H,Malta Air / Lauda Europe (Malta),B737-8,737-800,44692,17,2025-07-24,2026-08-17,35602.2,19909,ARN,13,25
EI-REG00362,EI,Ryanair DAC (Ireland),M73-82,737-8200,65892,17,2025-01-03,2026-08-30,17278.3,7911,STN,12,33
EI-REG00371,EI,Ryanair DAC (Ireland),M73-82,737-8200,67075,17,2025-03-12,2026-09-10,13542.7,6161,BER,10,33
EI-REG00388,EI,Ryanair DAC (Ireland),M73-82,737-8200,65081,17,2025-01-16,2026-08-01,16278.0,7750,LTN,12,25
SP-REG00419,SP,Buzz (Poland),M73-82,737-8200,62333,17,2025-01-18,2026-07-14,17123.0,8418,SOF,7,33
9H-REG00443,9H,Malta Air / Lauda Europe (Malta),B737-8,737-800,44747,17,2025-01-07,2026-09-04,29437.4,17938,PMO,11,33
EI-REG00444,EI,Ryanair DAC (Ireland),M73-82,737-8200,62307,17,2025-02-20,2026-09-06,17243.1,8149,MAN,9,33
EI-REG00469,EI,Ryanair DAC (Ireland),B737-8,737-800,33637,17,2012-09-27,2026-08-02,59032.8,33828,STN,13,25
EI-REG00480,EI,Ryanair DAC (Ireland),M73-82,737-8200,65881,17,2025-01-03,2026-08-18,19491.4,8527,STN,10,33
EI-REG00488,EI,Ryanair DAC (Ireland),M73-82,737-8200,65076,17,2025-02-20,2026-09-02,18848.5,8589,STN,12,25
EI-REG00514,EI,Ryanair DAC (Ireland),M73-82,737-8200,65083,17,2025-02-18,2026-08-21,19286.5,8868,AGP,10,33
EI-REG00550,EI,Ryanair DAC (Ireland),B737-8,737-800,40313,17,2025-03-23,2026-08-25,45823.4,21024,MAD,13,25
EI-REG00566,EI,Ryanair DAC (Ireland),B737-8,737-800,40293,17,2018-09-08,2026-09-07,47243.9,22085,STN,11,25
G-REG00001,G,Ryanair UK (UK),B737-8,737-800,34177,16,2025-01-21,2026-03-19,63210.8,38013,STN,4,25
EI-REG00037,EI,Ryanair DAC (Ireland),B737-8,737-800,34993,16,2025-02-05,2026-08-03,45646.1,22730,STN,8,25
9H-REG00041,9H,Malta Air / Lauda Europe (Malta),M73-82,737-8200,67105,16,2025-01-09,2026-07-19,9791.4,4733,STN,7,33
EI-REG00053,EI,Ryanair DAC (Ireland),B737-8,737-800,35035,16,2025-02-03,2026-06-22,44947.2,22972,BHX,13,23
9H-REG00076,9H,Malta Air / Lauda Europe (Malta),M73-82,737-8200,65896,16,2025-03-01,2026-07-09,15400.9,8090,DUB,9,33
EI-REG00078,EI,Ryanair DAC (Ireland),B737-8,737-800,33806,16,2025-01-19,2026-07-22,67380.6,41150,STN,13,23
SP-REG00125,SP,Buzz (Poland),M73-82,737-8200,62304,16,2025-01-14,2026-09-08,17260.0,8737,KRK,6,33
EI-REG00134,EI,Ryanair DAC (Ireland),M73-82,737-8200,67076,16,2025-01-18,2026-08-01,12478.7,5817,ALC,11,25
EI-REG00138,EI,Ryanair DAC (Ireland),B737-8,737-800,44859,16,2025-05-26,2026-09-09,24786.0,11748,DUB,11,33
EI-REG00167,EI,Ryanair DAC (Ireland),M73-82,737-8200,65897,16,2025-02-18,2026-08-22,16235.1,7691,MRS,13,25
9H-REG00182,9H,Malta Air / Lauda Europe (Malta),B737-8,737-800,44693,16,2025-02-27,2026-07-13,35362.8,19545,DUB,12,25
EI-REG00185,EI,Ryanair DAC (Ireland),M73-82,737-8200,65889,16,2025-02-02,2026-07-23,17464.5,7888,STN,10,33
SP-REG00186,SP,Buzz (Poland),B737-8,737-800,35015,16,2025-03-11,2026-07-19,55062.9,28603,BUD,13,25
9H-REG00222,9H,Malta Air / Lauda Europe (Malta),B737-8,737-800,44830,16,2025-02-20,2026-08-31,25712.2,14476,BLQ,14,33
9H-REG00227,9H,Malta Air / Lauda Europe (Malta),M73-82,737-8200,62343,16,2025-01-28,2026-08-29,13447.1,6973,PMI,12,33
9H-REG00264,9H,Malta Air / Lauda Europe (Malta),M73-82,737-8200,67100,16,2024-11-15,2026-08-29,10252.8,4817,GOT,10,33
EI-REG00302,EI,Ryanair DAC (Ireland),M73-82,737-8200,62353,16,2025-05-02,2026-08-31,12968.6,6164,MLA,10,33
9H-REG00311,9H,Malta Air / Lauda Europe (Malta),B737-8,737-800,44758,16,2025-02-27,2026-09-10,28782.6,17548,STN,9,33
9H-REG00322,9H,Malta Air / Lauda Europe (Malta),B737-8,737-800,44732,16,2025-05-09,2026-07-19,30232.8,19038,PSA,10,33
EI-REG00325,EI,Ryanair DAC (Ireland),M73-82,737-8200,62362,16,2025-01-07,2026-08-26,12364.9,5637,STN,9,25
SP-REG00340,SP,Buzz (Poland),M73-82,737-8200,62340,16,2025-02-20,2026-08-31,16540.5,8261,KRK,8,25
EI-REG00348,EI,Ryanair DAC (Ireland),B737-8,737-800,40303,16,2025-01-03,2026-08-12,47432.3,24592,BCN,13,25
EI-REG00354,EI,Ryanair DAC (Ireland),B737-8,737-800,44856,16,2025-01-07,2026-06-20,23867.3,11152,LIS,9,33
EI-REG00402,EI,Ryanair DAC (Ireland),M73-82,737-8200,65891,16,2024-12-25,2026-07-26,16604.6,7823,STN,12,33
EI-REG00440,EI,Ryanair DAC (Ireland),M73-82,737-8200,67089,16,2025-02-10,2026-08-21,10982.9,4992,STN,9,33
9H-REG00494,9H,Malta Air / Lauda Europe (Malta),M73-82,737-8200,62334,16,2024-12-25,2026-09-12,17978.7,9712,MAN,11,33
9H-REG00530,9H,Malta Air / Lauda Europe (Malta),M73-82,737-8200,65885,16,2025-01-24,2026-08-18,17638.4,9402,STN,8,33
EI-REG00533,EI,Ryanair DAC (Ireland),B737-8,737-800,40320,16,2025-01-07,2026-09-08,43685.9,22091,STN,11,25
EI-REG00545,EI,Ryanair DAC (Ireland),M73-82,737-8200,62369,16,2025-01-09,2026-09-06,9974.5,4603,NRN,10,33
EI-REG00561,EI,Ryanair DAC (Ireland),B737-8,737-800,38489,16,2025-02-21,2026-08-18,52478.8,28387,STN,10,25
G-REG00564,G,Ryanair UK (UK),B737-8,737-800,44687,16,2018-04-24,2026-03-08,38679.8,17810,STN,4,25
EI-REG00026,EI,Ryanair DAC (Ireland),B737-8,737-800,38492,15,2025-01-05,2026-07-04,52163.4,28095,BCN,10,25
EI-REG00052,EI,Ryanair DAC (Ireland),M73-82,737-8200,62306,15,2025-01-31,2026-04-29,15979.5,7611,MAD,12,25
9H-REG00092,9H,Malta Air / Lauda Europe (Malta),M73-82,737-8200,65077,15,2025-04-03,2026-08-20,18628.0,9612,TFS,11,25
9H-REG00111,9H,Malta Air / Lauda Europe (Malta),B737-8,737-800,44792,15,2025-01-15,2026-08-30,27452.8,17138,MAD,11,25
9H-REG00130,9H,Malta Air / Lauda Europe (Malta),M73-82,737-8200,65886,15,2025-05-08,2026-08-13,17862.1,9455,STN,9,33
9H-REG00146,9H,Malta Air / Lauda Europe (Malta),B737-8,737-800,44757,15,2025-02-28,2026-08-02,29276.0,18436,GRO,13,33
SP-REG00147,SP,Buzz (Poland),B737-8,737-800,44809,15,2025-02-12,2026-07-19,26941.4,14216,POZ,7,33
EI-REG00151,EI,Ryanair DAC (Ireland),M73-82,737-8200,62359,15,2025-02-15,2026-09-12,12354.8,5890,MXP,13,33
9H-REG00156,9H,Malta Air / Lauda Europe (Malta),B737-8,737-800,44756,15,2025-01-07,2026-08-22,29085.3,18160,MAN,12,23
9H-REG00221,9H,Malta Air / Lauda Europe (Malta),B737-8,737-800,44825,15,2025-01-10,2026-06-07,24608.8,13508,MXP,9,33
EI-REG00285,EI,Ryanair DAC (Ireland),M73-82,737-8200,65887,15,2024-12-31,2026-08-14,17672.5,8284,ALC,10,33
9H-REG00297,9H,Malta Air / Lauda Europe (Malta),B737-8,737-800,44766,15,2025-02-24,2026-08-07,28112.8,17462,MAN,11,33
9H-REG00308,9H,Malta Air / Lauda Europe (Malta),B737-8,737-800,44754,15,2025-01-02,2026-07-23,28704.1,17967,BER,9,33
9H-REG00321,9H,Malta Air / Lauda Europe (Malta),B737-8,737-800,44703,15,2025-02-03,2026-09-03,33422.0,19685,BLQ,10,25
EI-REG00330,EI,Ryanair DAC (Ireland),B737-8,737-800,44837,15,2025-02-07,2026-08-27,26686.8,12404,STN,10,33
EI-REG00335,EI,Ryanair DAC (Ireland),B737-8,737-800,33591,15,2025-02-21,2026-08-14,63679.6,37584,BLQ,10,26
9H-REG00336,9H,Malta Air / Lauda Europe (Malta),B737-8,737-800,44755,15,2025-01-08,2026-09-10,29025.6,17995,MXP,13,33
SP-REG00342,SP,Buzz (Poland),B737-8,737-800,44850,15,2025-01-21,2026-08-13,24595.4,12901,WMI,9,25
9H-REG00381,9H,Malta Air / Lauda Europe (Malta),M73-82,737-8200,65895,15,2025-02-13,2026-06-26,14939.0,7933,ALC,8,33
9H-REG00427,9H,Malta Air / Lauda Europe (Malta),B737-8,737-800,44816,15,2025-02-25,2026-08-24,26304.9,14516,TPS,13,33
EI-REG00460,EI,Ryanair DAC (Ireland),B737-8,737-800,35016,15,2025-01-07,2026-08-09,56051.7,29785,SCQ,12,25
EI-REG00470,EI,Ryanair DAC (Ireland),M73-82,737-8200,67094,15,2025-02-01,2026-08-28,10540.6,4877,OPO,9,33
EI-REG00487,EI,Ryanair DAC (Ireland),M73-82,737-8200,62327,15,2025-03-15,2026-08-27,17736.5,7698,OPO,9,33
9H-REG00498,9H,Malta Air / Lauda Europe (Malta),B737-8,737-800,44817,15,2025-02-26,2026-07-17,25810.6,14324,STN,11,33
9H-REG00542,9H,Malta Air / Lauda Europe (Malta),B737-8,737-800,44779,15,2025-07-04,2026-07-26,27697.4,15925,STN,6,33
EI-REG00580,EI,Ryanair DAC (Ireland),B737-8,737-800,44858,15,2024-12-27,2026-08-17,23943.0,11281,LIS,8,33
SP-REG00601,SP,Buzz (Poland),B737-8,737-800,44749,15,2025-01-23,2026-07-28,29974.1,17031,KRK,9,33
EI-REG00016,EI,Ryanair DAC (Ireland),M73-82,737-8200,67096,14,2025-02-03,2026-08-16,10759.9,5068,STN,8,33
EI-REG00072,EI,Ryanair DAC (Ireland),M73-82,737-8200,62374,14,2025-01-31,2026-08-01,8411.3,4094,AGP,11,25
SP-REG00089,SP,Buzz (Poland),M73-82,737-8200,62305,14,2025-02-03,2026-08-05,17429.0,8656,KRK,5,33
EI-REG00103,EI,Ryanair DAC (Ireland),M73-82,737-8200,62370,14,2025-01-15,2026-03-30,7597.9,3545,BGY,11,33
9H-REG00159,9H,Malta Air / Lauda Europe (Malta),B737-8,737-800,44788,14,2025-03-03,2026-09-07,27592.2,16985,BER,10,33
EI-REG00175,EI,Ryanair DAC (Ireland),B737-8,737-800,40298,14,2025-02-07,2026-09-12,45974.9,22408,FAO,11,25
EI-REG00195,EI,Ryanair DAC (Ireland),B737-8,737-800,37513,14,2025-01-01,2026-08-24,55109.4,31289,BCN,9,23
9H-REG00228,9H,Malta Air / Lauda Europe (Malta),B737-8,737-800,44698,14,2025-01-01,2026-08-31,35614.3,20681,TLS,10,25
EI-REG00233,EI,Ryanair DAC (Ireland),B737-8,737-800,36078,14,2025-01-05,2026-09-10,59337.3,34390,MRS,9,23
9H-REG00245,9H,Malta Air / Lauda Europe (Malta),B737-8,737-800,44750,14,2025-01-08,2026-07-04,29147.3,17715,MAD,11,33
9H-REG00272,9H,Malta Air / Lauda Europe (Malta),B737-8,737-800,44814,14,2025-02-01,2026-08-30,25838.4,14727,STN,10,33
EI-REG00278,EI,Ryanair DAC (Ireland),B737-8,737-800,34982,14,2025-07-27,2026-08-31,45562.3,23396,MXP,11,25
EI-REG00309,EI,Ryanair DAC (Ireland),M73-82,737-8200,65875,14,2025-03-23,2026-06-23,15630.7,7296,STN,6,25
EI-REG00319,EI,Ryanair DAC (Ireland),B737-8,737-800,33606,14,2020-12-14,2026-08-24,61910.0,36788,CRL,11,25
9H-REG00320,9H,Malta Air / Lauda Europe (Malta),B737-8,737-800,44767,14,2025-01-25,2026-07-26,27654.5,17042,DUB,8,33
9H-REG00337,9H,Malta Air / Lauda Europe (Malta),M73-82,737-8200,62325,14,2025-03-29,2026-09-10,17827.4,9562,SNN,9,33
EI-REG00338,EI,Ryanair DAC (Ireland),B737-8,737-800,33586,14,2025-02-16,2026-06-21,63769.6,37789,DUB,11,25
G-REG00379,G,Ryanair UK (UK),B737-8,737-800,38508,14,2025-04-18,2026-03-11,52942.0,26131,STN,4,25
EI-REG00435,EI,Ryanair DAC (Ireland),M73-82,737-8200,62335,14,2025-02-02,2026-09-11,17939.0,8294,LIS,9,33
EI-REG00452,EI,Ryanair DAC (Ireland),M73-82,737-8200,62309,14,2025-01-16,2026-06-13,16426.7,7628,MAN,7,25
9H-REG00467,9H,Malta Air / Lauda Europe (Malta),B737-8,737-800,44784,14,2025-02-04,2026-08-24,27790.2,17292,RAK,12,33
9H-REG00474,9H,Malta Air / Lauda Europe (Malta),B737-8,737-800,44827,14,2025-03-09,2026-08-30,25822.0,14234,STN,12,33
EI-REG00499,EI,Ryanair DAC (Ireland),M73-82,737-8200,67092,14,2025-01-26,2026-08-29,10586.2,4838,PMO,8,33
SP-REG00532,SP,Buzz (Poland),M73-82,737-8200,62314,14,2025-01-30,2026-08-14,18226.2,8969,BUD,7,33
9H-REG00003,9H,Malta Air / Lauda Europe (Malta),B737-8,737-800,44790,13,2024-12-23,2026-09-03,28301.7,17820,STN,12,25
EI-REG00009,EI,Ryanair DAC (Ireland),M73-82,737-8200,67135,13,2025-02-01,2026-07-26,13977.7,6282,DUB,9,33
9H-REG00010,9H,Malta Air / Lauda Europe (Malta),B737-8,737-800,44789,13,2025-01-19,2026-05-16,26117.0,16568,STN,9,33
9H-REG00022,9H,Malta Air / Lauda Europe (Malta),B737-8,737-800,44708,13,2025-03-03,2026-09-07,33013.2,19229,STN,10,25
SP-REG00040,SP,Buzz (Poland),B737-8,737-800,44777,13,2025-02-05,2026-08-20,28377.7,16310,PRG,7,25
EI-REG00043,EI,Ryanair DAC (Ireland),M73-82,737-8200,67079,13,2025-01-14,2026-09-11,13227.2,6381,TFS,8,25
9H-REG00046,9H,Malta Air / Lauda Europe (Malta),M73-82,737-8200,67102,13,2024-12-17,2026-05-08,8093.8,4011,NUE,8,33
EI-REG00050,EI,Ryanair DAC (Ireland),M73-82,737-8200,62371,13,2025-06-08,2026-08-23,8854.4,4205,BLQ,9,33
SP-REG00087,SP,Buzz (Poland),B737-8,737-800,44810,13,2025-02-15,2026-08-27,27366.6,14436,STN,10,33
SP-REG00098,SP,Buzz (Poland),B737-8,737-800,33572,13,2025-05-23,2026-05-16,65578.0,39958,MAN,6,72
EI-REG00112,EI,Ryanair DAC (Ireland),B737-8,737-800,35027,13,2025-02-06,2026-08-29,50404.2,27512,CIA,11,33
9H-REG00126,9H,Malta Air / Lauda Europe (Malta),B737-8,737-800,44707,13,2025-01-28,2026-06-13,33501.9,19318,STN,9,25
EI-REG00131,EI,Ryanair DAC (Ireland),M73-82,737-8200,67091,13,2025-07-01,2026-09-05,11031.1,5234,MAN,10,33
SP-REG00176,SP,Buzz (Poland),M73-82,737-8200,62377,13,2025-02-09,2026-09-05,8198.1,3898,KRK,6,25
9H-REG00223,9H,Malta Air / Lauda Europe (Malta),B737-8,737-800,36569,13,2025-02-24,2026-09-05,57132.6,33528,MAD,8,25
SP-REG00258,SP,Buzz (Poland),B737-8,737-800,44686,13,2025-02-14,2026-08-27,39481.2,18203,KRK,12,25
SP-REG00265,SP,Buzz (Poland),B737-8,737-800,33590,13,2025-02-21,2026-06-24,64373.6,37378,KRK,7,25
EI-REG00271,EI,Ryanair DAC (Ireland),B737-8,737-800,35039,13,2025-03-12,2026-09-04,47234.2,24192,FAO,9,25
EI-REG00301,EI,Ryanair DAC (Ireland),M73-82,737-8200,62373,13,2025-04-28,2026-09-09,9695.7,4573,AGP,7,33
EI-REG00312,EI,Ryanair DAC (Ireland),M73-82,737-8200,62368,13,2025-01-04,2026-06-20,9041.2,4175,MAN,8,25
EI-REG00331,EI,Ryanair DAC (Ireland),M73-82,737-8200,62316,13,2025-02-22,2026-06-07,17659.4,8277,ALC,10,25
9H-REG00347,9H,Malta Air / Lauda Europe (Malta),M73-82,737-8200,65084,13,2025-03-06,2026-09-07,18164.2,9607,ALC,11,25
EI-REG00352,EI,Ryanair DAC (Ireland),B737-8,737-800,40322,13,2025-08-03,2026-07-04,43322.2,20854,STN,9,25
SP-REG00374,SP,Buzz (Poland),B737-8,737-800,44704,13,2025-03-04,2026-08-20,34629.6,18660,KTW,9,25
9H-REG00378,9H,Malta Air / Lauda Europe (Malta),M73-82,737-8200,67098,13,2025-01-03,2026-08-12,9509.3,4906,VIE,8,33
SP-REG00382,SP,Buzz (Poland),B737-8,737-800,44774,13,2025-01-23,2026-07-10,28775.1,16512,STN,10,33
EI-REG00393,EI,Ryanair DAC (Ireland),B737-8,737-800,35025,13,2025-01-01,2026-08-19,52396.4,27676,VLC,12,25
EI-REG00409,EI,Ryanair DAC (Ireland),B737-8,737-800,35004,13,2025-04-03,2026-08-24,55832.2,30260,DUB,10,25
SP-REG00416,SP,Buzz (Poland),B737-8,737-800,35002,13,2025-01-08,2026-09-05,55316.5,30566,BUD,7,25
EI-REG00418,EI,Ryanair DAC (Ireland),B737-8,737-800,40304,13,2025-01-16,2026-05-28,47267.1,24068,DUB,11,25
EI-REG00422,EI,Ryanair DAC (Ireland),B737-8,737-800,33569,13,2025-02-03,2026-09-01,67759.3,41748,BGY,8,25
EI-REG00431,EI,Ryanair DAC (Ireland),B737-8,737-800,36080,13,2025-01-22,2026-08-19,57555.7,33686,BCN,13,25
EI-REG00446,EI,Ryanair DAC (Ireland),M73-82,737-8200,67114,13,2025-05-28,2026-07-01,7433.9,3541,BHX,10,25
SP-REG00449,SP,Buzz (Poland),B737-8,737-800,44695,13,2025-01-08,2026-09-04,35823.5,19051,KRK,8,25
SP-REG00451,SP,Buzz (Poland),B737-8,737-800,33588,13,2025-03-28,2026-08-13,64269.8,38275,KTW,11,25
EI-REG00458,EI,Ryanair DAC (Ireland),B737-8,737-800,33627,13,2025-02-18,2026-08-31,58917.9,34556,CIA,8,25
EI-REG00466,EI,Ryanair DAC (Ireland),M73-82,737-8200,67111,13,2025-01-05,2026-09-04,10092.4,4880,BER,8,25
9H-REG00485,9H,Malta Air / Lauda Europe (Malta),M73-82,737-8200,62363,13,2025-02-15,2026-06-02,10692.9,5375,MRS,13,25
9H-REG00489,9H,Malta Air / Lauda Europe (Malta),B737-8,737-800,44748,13,2025-01-08,2026-08-18,29189.9,17999,FKB,12,33
9H-REG00491,9H,Malta Air / Lauda Europe (Malta),B737-8,737-800,44821,13,2024-12-24,2026-08-23,25917.1,14628,STN,10,33
EI-REG00525,EI,Ryanair DAC (Ireland),B737-8,737-800,38501,13,2025-02-14,2026-07-09,45469.9,22551,FAO,11,25
EI-REG00583,EI,Ryanair DAC (Ireland),B737-8,737-800,40296,13,2021-09-27,2026-08-06,45290.9,22247,VLC,12,25
EI-REG00033,EI,Ryanair DAC (Ireland),B737-8,737-800,38493,12,2025-04-06,2026-06-05,52082.3,27446,FMM,9,25
EI-REG00034,EI,Ryanair DAC (Ireland),B737-8,737-800,33625,12,2024-10-27,2026-08-15,58072.8,33959,MAD,9,25
EI-REG00054,EI,Ryanair DAC (Ireland),M73-82,737-8200,62357,12,2025-01-30,2026-09-06,12524.4,5798,ALC,6,25
EI-REG00067,EI,Ryanair DAC (Ireland),B737-8,737-800,34975,12,2025-03-16,2026-08-03,53172.6,26413,STN,9,25
EI-REG00090,EI,Ryanair DAC (Ireland),M73-82,737-8200,62367,12,2025-05-15,2026-09-06,10640.9,4886,AGP,10,33
9H-REG00099,9H,Malta Air / Lauda Europe (Malta),M73-82,737-8200,62364,12,2025-01-11,2026-09-04,10773.4,5408,BGY,10,33
9H-REG00133,9H,Malta Air / Lauda Europe (Malta),M73-82,737-8200,62337,12,2025-02-22,2026-09-10,16877.6,9143,ALC,10,33
9H-REG00158,9H,Malta Air / Lauda Europe (Malta),M73-82,737-8200,67101,12,2025-04-10,2026-08-23,10764.0,5248,BRS,9,33
EI-REG00164,EI,Ryanair DAC (Ireland),B737-8,737-800,36079,12,2025-02-09,2026-09-12,58214.1,33431,AGP,7,25
EI-REG00169,EI,Ryanair DAC (Ireland),B737-8,737-800,33817,12,2025-02-16,2026-07-28,66582.1,40876,DUB,10,25
SP-REG00173,SP,Buzz (Poland),B737-8,737-800,44797,12,2025-01-17,2026-06-23,29859.5,13063,OPO,8,33
EI-REG00179,EI,Ryanair DAC (Ireland),M73-82,737-8200,62317,12,2025-04-08,2026-08-28,15161.4,7312,DUB,9,33
EI-REG00180,EI,Ryanair DAC (Ireland),B737-8,737-800,37523,12,2025-06-22,2026-07-24,53866.8,31059,CHO,10,25
G-REG00204,G,Ryanair UK (UK),B737-8,737-800,33587,12,2010-06-19,2026-02-20,63568.8,38034,STN,4,25
9H-REG00205,9H,Malta Air / Lauda Europe (Malta),B737-8,737-800,44808,12,2025-01-09,2026-08-16,26824.6,14682,DUB,10,33
EI-REG00226,EI,Ryanair DAC (Ireland),B737-8,737-800,36568,12,2025-02-01,2026-09-13,57514.0,33886,AGP,11,25
SP-REG00229,SP,Buzz (Poland),B737-8,737-800,44791,12,2025-03-28,2026-09-07,29390.0,15453,PRG,8,33
EI-REG00234,EI,Ryanair DAC (Ireland),B737-8,737-800,33609,12,2025-01-06,2026-08-18,61516.4,35716,DUB,6,23
9H-REG00235,9H,Malta Air / Lauda Europe (Malta),B737-8,737-800,44697,12,2025-03-29,2026-07-10,34321.0,19823,STN,8,25
EI-REG00238,EI,Ryanair DAC (Ireland),B737-8,737-800,44854,12,2025-01-17,2026-08-16,24947.5,11499,LIS,9,33
EI-REG00282,EI,Ryanair DAC (Ireland),B737-8,737-800,38498,12,2025-01-25,2026-06-23,52516.8,27031,ARN,10,25
EI-REG00304,EI,Ryanair DAC (Ireland),M73-82,737-8200,62366,12,2024-12-22,2026-08-30,10621.2,4940,SNN,11,33
EI-REG00334,EI,Ryanair DAC (Ireland),B737-8,737-800,40306,12,2025-01-15,2026-07-26,47599.2,24857,DUB,10,25
9H-REG00345,9H,Malta Air / Lauda Europe (Malta),B737-8,737-800,44759,12,2025-01-24,2026-08-23,29237.1,17689,STN,9,33
EI-REG00346,EI,Ryanair DAC (Ireland),B737-8,737-800,33610,12,2025-03-06,2026-08-31,61701.2,36196,DUB,10,25
9H-REG00375,9H,Malta Air / Lauda Europe (Malta),M73-82,737-8200,62300,12,2025-04-14,2026-08-24,17365.2,9239,DUB,7,25
EI-REG00380,EI,Ryanair DAC (Ireland),M73-82,737-8200,65890,12,2025-02-17,2026-09-06,17071.3,8271,DUB,9,33
EI-REG00420,EI,Ryanair DAC (Ireland),B737-8,737-800,40294,12,2025-02-14,2026-06-24,44690.5,20979,DUB,8,25
9H-REG00436,9H,Malta Air / Lauda Europe (Malta),B737-8,737-800,37516,12,2025-03-28,2026-08-23,54617.5,30953,CPH,9,33
EI-REG00454,EI,Ryanair DAC (Ireland),M73-82,737-8200,62346,12,2025-01-24,2026-05-10,12994.9,6022,ALC,11,33
EI-REG00464,EI,Ryanair DAC (Ireland),M73-82,737-8200,62348,12,2025-01-27,2026-07-24,13001.1,6106,AGP,9,33
9H-REG00472,9H,Malta Air / Lauda Europe (Malta),B737-8,737-800,33823,12,2025-02-15,2026-04-26,63241.7,38340,STN,7,25
EI-REG00483,EI,Ryanair DAC (Ireland),M73-82,737-8200,62383,12,2025-01-03,2026-08-04,6998.7,2987,STN,6,25
9H-REG00484,9H,Malta Air / Lauda Europe (Malta),B737-8,737-800,44771,12,2025-01-26,2026-07-10,27621.9,17091,PSA,9,33
EI-REG00500,EI,Ryanair DAC (Ireland),M73-82,737-8200,62310,12,2025-01-20,2026-05-25,16350.7,7552,STN,9,25
SP-REG00501,SP,Buzz (Poland),B737-8,737-800,38507,12,2025-02-06,2026-08-10,52591.8,27606,STN,8,25
EI-REG00516,EI,Ryanair DAC (Ireland),B737-8,737-800,40314,12,2025-03-22,2026-08-27,45689.9,20957,STN,7,25
9H-REG00520,9H,Malta Air / Lauda Europe (Malta),B737-8,737-800,44710,12,2025-01-20,2026-08-31,33218.8,19198,BGY,7,25
EI-REG00521,EI,Ryanair DAC (Ireland),M73-82,737-8200,67103,12,2025-04-04,2026-06-13,7917.9,3935,ALC,7,33
EI-REG00529,EI,Ryanair DAC (Ireland),M73-82,737-8200,67077,12,2025-04-11,2026-09-03,13123.6,6100,DUB,8,33
EI-REG00579,EI,Ryanair DAC (Ireland),M73-82,737-8200,67133,12,2025-02-13,2026-07-14,12942.3,6173,STN,10,33
SP-REG00602,SP,Buzz (Poland),B737-8,737-800,44702,12,2025-06-02,2026-06-14,34517.2,18520,DBV,10,25
EI-REG00002,EI,Ryanair DAC (Ireland),B737-8,737-800,33575,11,2025-03-12,2026-07-21,67786.4,41376,DUB,8,23
G-REG00014,G,Ryanair UK (UK),B737-8,737-800,37526,11,2025-04-21,2026-03-01,55321.1,30870,STN,5,23
EI-REG00020,EI,Ryanair DAC (Ireland),B737-8,737-800,35026,11,2022-02-28,2026-09-05,52757.8,27531,PSR,9,25
EI-REG00106,EI,Ryanair DAC (Ireland),M73-82,737-8200,67078,11,2025-01-10,2026-04-01,11230.8,5254,MAN,8,38
SP-REG00122,SP,Buzz (Poland),B737-8,737-800,44796,11,2025-01-04,2026-07-17,30060.2,13281,POZ,6,33
EI-REG00129,EI,Ryanair DAC (Ireland),B737-8,737-800,33564,11,2025-02-01,2026-07-20,67846.0,41804,STN,9,33
EI-REG00139,EI,Ryanair DAC (Ireland),B737-8,737-800,40286,11,2025-02-19,2026-08-24,45039.4,22512,ALC,9,25
9H-REG00162,9H,Malta Air / Lauda Europe (Malta),B737-8,737-800,33582,11,2025-02-21,2026-08-08,63980.2,38965,CRL,8,23
EI-REG00165,EI,Ryanair DAC (Ireland),B737-8,737-800,34994,11,2025-01-02,2026-09-12,46810.8,22633,DUB,8,25
EI-REG00170,EI,Ryanair DAC (Ireland),M73-82,737-8200,62351,11,2025-05-14,2026-08-25,13672.4,6103,DUB,7,33
EI-REG00183,EI,Ryanair DAC (Ireland),B737-8,737-800,38513,11,2025-03-12,2026-05-30,51251.7,26978,TLS,7,25
EI-REG00207,EI,Ryanair DAC (Ireland),M73-82,737-8200,67071,11,2025-07-02,2026-08-12,13342.5,6279,BUD,8,33
EI-REG00232,EI,Ryanair DAC (Ireland),B737-8,737-800,37530,11,2025-06-11,2026-07-07,54770.4,29692,CRL,8,25
9H-REG00240,9H,Malta Air / Lauda Europe (Malta),B737-8,737-800,44795,11,2025-01-10,2026-08-17,27510.8,16713,STN,10,26
EI-REG00255,EI,Ryanair DAC (Ireland),B737-8,737-800,33615,11,2025-02-14,2026-08-16,58571.3,33680,BGY,8,23
EI-REG00268,EI,Ryanair DAC (Ireland),M73-82,737-8200,62349,11,2025-04-29,2026-09-05,14119.0,6585,DUB,10,25
EI-REG00269,EI,Ryanair DAC (Ireland),B737-8,737-800,34983,11,2025-02-19,2026-09-02,50006.4,26719,DUB,10,25
EI-REG00275,EI,Ryanair DAC (Ireland),B737-8,737-800,40290,11,2025-01-07,2026-08-17,45295.4,22962,DUB,8,25
EI-REG00287,EI,Ryanair DAC (Ireland),B737-8,737-800,35008,11,2025-06-12,2026-07-18,54849.3,29064,BHX,8,23
SP-REG00292,SP,Buzz (Poland),B737-8,737-800,44787,11,2025-04-13,2026-06-21,27742.4,15675,WMI,9,26
EI-REG00326,EI,Ryanair DAC (Ireland),B737-8,737-800,35014,11,2025-01-03,2026-07-01,54179.5,28849,DUB,8,25
EI-REG00353,EI,Ryanair DAC (Ireland),B737-8,737-800,33631,11,2025-04-23,2026-08-16,57479.2,33222,MXP,10,25
EI-REG00356,EI,Ryanair DAC (Ireland),M73-82,737-8200,65080,11,2025-06-25,2026-08-27,18233.2,8373,DUB,7,33
9H-REG00364,9H,Malta Air / Lauda Europe (Malta),M73-82,737-8200,62347,11,2025-01-21,2026-09-11,14068.9,6967,BGY,7,25
EI-REG00376,EI,Ryanair DAC (Ireland),M73-82,737-8200,67097,11,2025-05-08,2026-08-26,8791.9,4166,PSA,10,33
EI-REG00383,EI,Ryanair DAC (Ireland),B737-8,737-800,37529,11,2025-01-13,2026-06-26,54077.4,31284,RAK,10,25
SP-REG00389,SP,Buzz (Poland),B737-8,737-800,44778,11,2025-03-31,2026-08-16,28335.4,15839,WMI,7,33
9H-REG00390,9H,Malta Air / Lauda Europe (Malta),B737-8,737-800,44699,11,2025-02-10,2026-07-24,34882.2,19837,BCN,8,25
EI-REG00400,EI,Ryanair DAC (Ireland),B737-8,737-800,35549,11,2025-03-12,2026-05-06,59514.5,35711,STN,8,23
SP-REG00404,SP,Buzz (Poland),B737-8,737-800,61578,11,2025-04-03,2026-04-14,33189.4,17972,KRK,6,23
EI-REG00407,EI,Ryanair DAC (Ireland),B737-8,737-800,33578,11,2025-04-25,2026-07-03,64809.0,38413,BCN,8,25
SP-REG00414,SP,Buzz (Poland),M73-82,737-8200,62315,11,2025-04-04,2026-06-28,18005.5,8822,KRK,6,33
SP-REG00415,SP,Buzz (Poland),B737-8,737-800,40307,11,2025-03-22,2026-09-11,48821.6,24227,BUD,8,38
EI-REG00433,EI,Ryanair DAC (Ireland),B737-8,737-800,33815,11,2025-05-20,2026-09-06,67597.7,41758,STN,10,25
EI-REG00437,EI,Ryanair DAC (Ireland),B737-8,737-800,33811,11,2025-05-16,2026-08-12,66939.9,40539,NRN,9,25
9H-REG00463,9H,Malta Air / Lauda Europe (Malta),B737-8,737-800,33628,11,2025-04-14,2026-09-07,57464.9,33138,CTA,8,25
9H-REG00465,9H,Malta Air / Lauda Europe (Malta),M73-82,737-8200,65884,11,2025-03-30,2026-08-13,18038.0,9630,BER,10,33
EI-REG00481,EI,Ryanair DAC (Ireland),B737-8,737-800,36567,11,2025-02-28,2026-08-26,56999.3,33295,EMA,11,25
9H-REG00490,9H,Malta Air / Lauda Europe (Malta),B737-8,737-800,44822,11,2024-10-25,2026-08-26,27030.0,14275,OTP,8,33
EI-REG00493,EI,Ryanair DAC (Ireland),M73-82,737-8200,67088,11,2025-02-21,2026-08-26,12913.7,5759,CGN,8,33
9H-REG00519,9H,Malta Air / Lauda Europe (Malta),M73-82,737-8200,62342,11,2025-05-28,2026-09-06,13688.8,7098,BER,6,33
SP-REG00526,SP,Buzz (Poland),M73-82,737-8200,62313,11,2025-05-02,2026-08-31,18728.8,9380,KRK,7,33
EI-REG00527,EI,Ryanair DAC (Ireland),B737-8,737-800,35021,11,2025-03-06,2026-08-15,53556.0,27777,STN,10,25
EI-REG00541,EI,Ryanair DAC (Ireland),M73-82,737-8200,67073,11,2025-05-23,2026-08-22,13425.1,6185,DUB,7,25
EI-REG00551,EI,Ryanair DAC (Ireland),B737-8,737-800,33584,11,2025-01-25,2026-09-13,64647.0,39197,MAD,10,25
SP-REG00555,SP,Buzz (Poland),B737-8,737-800,40291,11,2025-03-07,2026-09-13,44518.4,22877,KRK,7,25
EI-REG00591,EI,Ryanair DAC (Ireland),B737-8,737-800,35029,11,2025-01-09,2026-09-11,52562.3,27832,BGY,9,26
EI-REG00615,EI,Ryanair DAC (Ireland),B737-8,737-800,35041,11,2025-03-09,2026-05-01,45966.8,23757,GRO,7,33
9H-REG00007,9H,Malta Air / Lauda Europe (Malta),M73-82,737-8200,67086,10,2025-01-17,2025-12-21,9199.5,4944,PMI,9,33
SP-REG00013,SP,Buzz (Poland),B737-8,737-800,34987,10,2025-03-05,2026-08-05,47379.3,24351,WRO,8,25
EI-REG00024,EI,Ryanair DAC (Ireland),B737-8,737-800,40299,10,2025-02-11,2026-05-01,43861.8,22781,NAP,10,25
EI-REG00027,EI,Ryanair DAC (Ireland),B737-8,737-800,35001,10,2025-03-12,2026-08-08,56844.0,29562,DUB,9,25
EI-REG00036,EI,Ryanair DAC (Ireland),M73-82,737-8200,67115,10,2025-02-22,2026-08-31,7637.4,3600,VIE,8,33
EI-REG00038,EI,Ryanair DAC (Ireland),M73-82,737-8200,62380,10,2025-03-25,2026-06-18,6721.8,2973,KRK,9,25
9H-REG00059,9H,Malta Air / Lauda Europe (Malta),B737-8,737-800,37515,10,2025-01-05,2026-02-08,53965.9,31128,MRS,7,25
SP-REG00074,SP,Buzz (Poland),M73-82,737-8200,62388,10,2025-04-08,2026-09-10,5426.7,2607,KRK,6,25
EI-REG00079,EI,Ryanair DAC (Ireland),B737-8,737-800,37521,10,2025-05-12,2026-07-12,53963.3,31307,STN,9,25
9H-REG00096,9H,Malta Air / Lauda Europe (Malta),B737-8,737-800,44780,10,2025-03-02,2026-06-13,27248.5,15836,FAO,7,25
EI-REG00110,EI,Ryanair DAC (Ireland),B737-8,737-800,40302,10,2025-02-17,2026-08-14,48805.0,25114,BGY,9,33
EI-REG00113,EI,Ryanair DAC (Ireland),B737-8,737-800,40297,10,2025-03-29,2026-08-04,45806.4,21977,MAN,9,23
EI-REG00114,EI,Ryanair DAC (Ireland),B737-8,737-800,38505,10,2025-03-13,2026-05-07,51849.8,26758,FCO,9,23
EI-REG00127,EI,Ryanair DAC (Ireland),B737-8,737-800,33574,10,2025-01-24,2026-05-26,66747.6,39544,STN,7,23
EI-REG00136,EI,Ryanair DAC (Ireland),B737-8,737-800,34978,10,2025-02-03,2026-05-22,50914.6,27157,BGY,6,33
SP-REG00155,SP,Buzz (Poland),B737-8,737-800,40305,10,2025-05-09,2026-06-02,47347.1,24643,DBV,5,25
EI-REG00198,EI,Ryanair DAC (Ireland),B737-8,737-800,33807,10,2025-05-05,2026-09-11,68330.6,41245,CRL,9,25
EI-REG00217,EI,Ryanair DAC (Ireland),M73-82,737-8200,62312,10,2025-01-12,2026-06-15,18798.0,8594,BGY,6,33
EI-REG00256,EI,Ryanair DAC (Ireland),B737-8,737-800,33809,10,2025-01-04,2026-07-26,67149.0,41973,BGY,8,25
9H-REG00267,9H,Malta Air / Lauda Europe (Malta),B737-8,737-800,44812,10,2025-01-07,2026-08-16,26363.2,14888,NAP,10,33
9H-REG00273,9H,Malta Air / Lauda Europe (Malta),B737-8,737-800,33592,10,2025-02-26,2026-08-20,63733.3,38232,BRI,8,33
9H-REG00276,9H,Malta Air / Lauda Europe (Malta),B737-8,737-800,44694,10,2025-01-04,2026-08-31,35656.6,20153,STN,8,25
EI-REG00307,EI,Ryanair DAC (Ireland),B737-8,737-800,36074,10,2025-02-20,2026-06-07,59569.4,34038,ALC,8,23
EI-REG00316,EI,Ryanair DAC (Ireland),B737-8,737-800,37525,10,2025-05-17,2026-07-24,55123.4,30827,WRO,7,25
SP-REG00343,SP,Buzz (Poland),B737-8,737-800,33579,10,2025-05-15,2026-07-17,63886.3,38417,POZ,5,25
9H-REG00344,9H,Malta Air / Lauda Europe (Malta),B737-8,737-800,61577,10,2025-07-08,2026-09-04,34174.2,19826,KRK,8,25
EI-REG00359,EI,Ryanair DAC (Ireland),M73-82,737-8200,67136,10,2026-01-10,2026-08-23,15025.1,7046,MLA,7,25
EI-REG00366,EI,Ryanair DAC (Ireland),M73-82,737-8200,67107,10,2024-12-23,2026-09-03,10369.2,4899,MAN,7,33
EI-REG00401,EI,Ryanair DAC (Ireland),M73-82,737-8200,67072,10,2025-01-31,2026-08-17,13622.4,6093,SKG,10,33
EI-REG00405,EI,Ryanair DAC (Ireland),M73-82,737-8200,62311,10,2025-01-20,2026-03-03,15138.6,6868,ACE,8,33
9H-REG00410,9H,Malta Air / Lauda Europe (Malta),B737-8,737-800,61579,10,2025-05-02,2026-09-01,34767.4,19924,LTN,8,25
9H-REG00432,9H,Malta Air / Lauda Europe (Malta),B737-8,737-800,44691,10,2025-07-04,2026-08-19,36115.8,18914,MAN,7,72
SP-REG00439,SP,Buzz (Poland),B737-8,737-800,44688,10,2025-02-01,2026-08-12,38306.8,18926,BUD,8,23
EI-REG00442,EI,Ryanair DAC (Ireland),M73-82,737-8200,62308,10,2025-02-25,2026-08-07,16914.3,7831,DUB,5,25
EI-REG00503,EI,Ryanair DAC (Ireland),M73-82,737-8200,65079,10,2025-01-02,2026-08-04,17724.8,8136,MAN,8,33
EI-REG00505,EI,Ryanair DAC (Ireland),B737-8,737-800,33624,10,2025-01-12,2026-08-02,60528.2,36376,BDS,9,25
EI-REG00506,EI,Ryanair DAC (Ireland),B737-8,737-800,37517,10,2025-06-12,2026-08-16,54443.9,31614,STN,8,23
EI-REG00512,EI,Ryanair DAC (Ireland),B737-8,737-800,33816,10,2025-02-14,2026-06-26,68040.8,40751,DUB,9,25
SP-REG00523,SP,Buzz (Poland),B737-8,737-800,44799,10,2025-01-11,2026-08-13,29642.2,13233,WMI,7,33
9H-REG00528,9H,Malta Air / Lauda Europe (Malta),M73-82,737-8200,62321,10,2025-01-09,2026-09-11,18514.8,9827,MLA,7,33
EI-REG00539,EI,Ryanair DAC (Ireland),M73-82,737-8200,62360,10,2025-01-16,2026-09-12,12781.3,6051,MAN,8,33
9H-REG00549,9H,Malta Air / Lauda Europe (Malta),B737-8,737-800,44706,10,2025-07-19,2026-09-08,33395.0,19600,STN,8,25
EI-REG00552,EI,Ryanair DAC (Ireland),B737-8,737-800,35040,10,2025-01-21,2026-08-21,47598.6,24566,ALC,7,25
SP-REG00570,SP,Buzz (Poland),B737-8,737-800,35023,10,2025-01-12,2026-08-23,53065.9,27991,ALC,7,25
EI-REG00571,EI,Ryanair DAC (Ireland),B737-8,737-800,36081,10,2025-01-18,2026-03-23,56650.4,33121,STN,7,25
EI-REG00574,EI,Ryanair DAC (Ireland),M73-82,737-8200,67113,10,2025-02-24,2026-05-30,5412.3,2378,NCL,10,33
EI-REG00590,EI,Ryanair DAC (Ireland),B737-8,737-800,38500,10,2025-04-29,2026-08-09,51696.8,27477,MAD,9,25
EI-REG00611,EI,Ryanair DAC (Ireland),B737-8,737-800,37538,10,2025-03-12,2026-06-06,53120.0,28749,STN,6,23
EI-REG00011,EI,Ryanair DAC (Ireland),B737-8,737-800,33810,9,2025-05-25,2026-05-22,67918.7,41006,DUB,8,25
EI-REG00028,EI,Ryanair DAC (Ireland),M73-82,737-8200,62375,9,2025-01-25,2026-09-10,9166.3,4317,MAD,8,33
9H-REG00064,9H,Malta Air / Lauda Europe (Malta),B737-8,737-800,33633,9,2025-03-19,2026-08-29,58974.1,33457,CRL,8,72
EI-REG00065,EI,Ryanair DAC (Ireland),B737-8,737-800,33636,9,2025-03-18,2026-09-06,55561.3,32309,STN,7,25
EI-REG00119,EI,Ryanair DAC (Ireland),B737-8,737-800,35024,9,2025-02-10,2026-08-11,52472.3,28099,STN,7,25
G-REG00124,G,Ryanair UK (UK),B737-8,737-800,40289,9,2025-04-24,2026-03-16,50278.7,25515,STN,2,25
EI-REG00160,EI,Ryanair DAC (Ireland),M73-82,737-8200,62378,9,2025-06-06,2026-07-22,7636.9,3317,BGY,6,25
9H-REG00188,9H,Malta Air / Lauda Europe (Malta),B737-8,737-800,44689,9,2025-01-12,2026-09-05,38218.6,19284,PSA,8,25
EI-REG00231,EI,Ryanair DAC (Ireland),B737-8,737-800,33822,9,2025-08-12,2026-08-14,64750.6,39952,DUB,7,25
9H-REG00244,9H,Malta Air / Lauda Europe (Malta),B737-8,737-800,44794,9,2025-04-15,2026-06-21,26371.9,16457,CPH,8,26
EI-REG00266,EI,Ryanair DAC (Ireland),B737-8,737-800,34981,9,2025-03-14,2026-08-14,48250.5,24937,MXP,7,26
EI-REG00270,EI,Ryanair DAC (Ireland),M73-82,737-8200,67106,9,2025-01-27,2026-08-14,9975.9,4677,BGY,8,25
9H-REG00306,9H,Malta Air / Lauda Europe (Malta),B737-8,737-800,44761,9,2025-01-28,2026-08-11,28318.3,17396,STN,6,33
EI-REG00324,EI,Ryanair DAC (Ireland),B737-8,737-800,40292,9,2025-05-07,2026-08-07,44537.0,22354,AGA,8,25
EI-REG00328,EI,Ryanair DAC (Ireland),B737-8,737-800,33608,9,2025-04-04,2026-07-01,60118.4,36165,BCN,6,25
EI-REG00329,EI,Ryanair DAC (Ireland),M73-82,737-8200,62350,9,2025-04-07,2026-08-27,12800.6,5993,MAN,7,33
EI-REG00332,EI,Ryanair DAC (Ireland),B737-8,737-800,33617,9,2025-05-01,2026-08-02,58740.6,34381,MAD,8,25
EI-REG00361,EI,Ryanair DAC (Ireland),B737-8,737-800,33585,9,2025-01-22,2026-07-12,63714.7,39522,BRS,8,25
EI-REG00363,EI,Ryanair DAC (Ireland),B737-8,737-800,40321,9,2024-11-15,2026-08-31,43730.5,21682,AGA,9,25
EI-REG00369,EI,Ryanair DAC (Ireland),M73-82,737-8200,62365,9,2025-02-09,2026-07-12,11725.6,5545,DUB,7,25
EI-REG00412,EI,Ryanair DAC (Ireland),B737-8,737-800,37536,9,2025-01-20,2026-05-04,52464.9,28009,BGY,8,25
EI-REG00424,EI,Ryanair DAC (Ireland),M73-82,737-8200,67084,9,2025-03-21,2026-09-06,12584.6,5824,MLA,9,33
EI-REG00425,EI,Ryanair DAC (Ireland),B737-8,737-800,34974,9,2025-02-23,2026-06-24,51607.6,26941,CRL,7,25
EI-REG00426,EI,Ryanair DAC (Ireland),B737-8,737-800,36082,9,2025-03-05,2026-06-17,58604.4,33595,EDI,9,27
EI-REG00428,EI,Ryanair DAC (Ireland),M73-82,737-8200,67070,9,2025-01-22,2026-05-24,12925.2,5999,MAD,8,25
EI-REG00438,EI,Ryanair DAC (Ireland),B737-8,737-800,38512,9,2025-02-10,2026-09-06,52182.7,27282,SVQ,8,25
EI-REG00468,EI,Ryanair DAC (Ireland),B737-8,737-800,38496,9,2025-02-14,2026-06-23,52248.6,27624,RAK,9,25
EI-REG00477,EI,Ryanair DAC (Ireland),M73-82,737-8200,65893,9,2025-05-31,2026-07-05,16110.7,7651,DUB,8,33
SP-REG00486,SP,Buzz (Poland),B737-8,737-800,34986,9,2025-01-07,2026-05-25,47204.6,24262,BGY,7,25
G-REG00522,G,Ryanair UK (UK),B737-8,737-800,36576,9,2025-02-05,2025-12-30,58143.1,32389,MAN,5,33
EI-REG00524,EI,Ryanair DAC (Ireland),B737-8,737-800,38511,9,2025-04-19,2026-05-29,51270.3,26482,STN,5,23
EI-REG00540,EI,Ryanair DAC (Ireland),B737-8,737-800,35007,9,2025-01-22,2026-06-06,54886.2,28722,DUB,8,25
SP-REG00554,SP,Buzz (Poland),B737-8,737-800,33607,9,2025-03-25,2026-07-30,61751.8,35960,KRK,7,25
EI-REG00573,EI,Ryanair DAC (Ireland),B737-8,737-800,33577,9,2025-05-11,2026-07-02,64681.2,39510,STN,6,23
SP-REG00585,SP,Buzz (Poland),B737-8,737-800,35020,9,2017-01-27,2026-08-30,53717.7,27551,BCN,9,38
EI-REG00600,EI,Ryanair DAC (Ireland),M73-82,737-8200,67085,9,2025-02-23,2026-08-17,12461.9,5793,DUB,8,33
EI-REG00604,EI,Ryanair DAC (Ireland),B737-8,737-800,33808,9,2025-01-05,2026-08-07,67737.3,41778,TLS,6,25
EI-REG00614,EI,Ryanair DAC (Ireland),B737-8,737-800,40310,9,2025-04-03,2026-08-29,47729.1,24461,FCO,9,25
EI-REG00004,EI,Ryanair DAC (Ireland),B737-8,737-800,33568,8,2025-10-03,2026-06-17,67053.8,40241,DUB,6,25
EI-REG00017,EI,Ryanair DAC (Ireland),B737-8,737-800,38497,8,2025-10-30,2026-08-13,52372.9,27202,OPO,7,25
EI-REG00069,EI,Ryanair DAC (Ireland),B737-8,737-800,34976,8,2025-01-03,2026-06-18,48099.5,24625,MXP,8,25
EI-REG00116,EI,Ryanair DAC (Ireland),M73-82,737-8200,62358,8,2025-07-19,2026-08-19,12485.4,5947,MAN,5,33
EI-REG00118,EI,Ryanair DAC (Ireland),B737-8,737-800,35032,8,2025-02-01,2026-03-04,50002.9,25911,FNC,7,25
EI-REG00143,EI,Ryanair DAC (Ireland),B737-8,737-800,35031,8,2025-06-12,2026-06-27,51356.9,26610,DUB,7,25
EI-REG00152,EI,Ryanair DAC (Ireland),B737-8,737-800,37520,8,2025-03-07,2026-08-01,54121.3,31341,STN,6,25
SP-REG00192,SP,Buzz (Poland),B737-8,737-800,44847,8,2024-12-22,2026-08-26,24901.7,13046,KRK,6,33
EI-REG00193,EI,Ryanair DAC (Ireland),B737-8,737-800,33598,8,2025-03-25,2026-06-24,61704.5,36331,CRL,7,23
SP-REG00196,SP,Buzz (Poland),M73-82,737-8200,67117,8,2025-04-10,2026-08-16,5499.7,2617,KRK,5,33
SP-REG00206,SP,Buzz (Poland),B737-8,737-800,44701,8,2025-05-22,2026-05-17,34481.6,18559,POZ,7,38
EI-REG00210,EI,Ryanair DAC (Ireland),M73-82,737-8200,62379,8,2025-02-19,2026-07-09,7246.9,3356,CGN,6,25
SP-REG00215,SP,Buzz (Poland),M73-82,737-8200,67119,8,2025-03-17,2026-04-18,4446.2,2106,KRK,4,25
EI-REG00225,EI,Ryanair DAC (Ireland),M73-82,737-8200,67067,8,2025-09-30,2026-08-07,3880.8,1769,BGY,6,25
EI-REG00251,EI,Ryanair DAC (Ireland),M73-82,737-8200,67099,8,2025-01-05,2026-02-02,6229.5,2850,AGP,6,33
EI-REG00281,EI,Ryanair DAC (Ireland),M73-82,737-8200,65898,8,2024-12-22,2026-04-19,13805.8,6367,DUB,7,25
9H-REG00300,9H,Malta Air / Lauda Europe (Malta),M73-82,737-8200,62339,8,2025-01-18,2026-08-10,16033.4,8395,BGY,7,25
EI-REG00317,EI,Ryanair DAC (Ireland),B737-8,737-800,40312,8,2019-04-04,2026-07-12,47572.2,24534,DUB,6,38
SP-REG00318,SP,Buzz (Poland),B737-8,737-800,34980,8,2025-01-07,2026-02-03,47431.8,24225,BGY,7,25
EI-REG00333,EI,Ryanair DAC (Ireland),B737-8,737-800,40301,8,2025-04-04,2026-07-29,48870.3,24840,BGY,7,25
EI-REG00351,EI,Ryanair DAC (Ireland),B737-8,737-800,34977,8,2025-05-04,2026-08-30,49132.3,24931,MAD,7,25
EI-REG00358,EI,Ryanair DAC (Ireland),M73-82,737-8200,67127,8,2025-12-12,2026-08-23,2847.4,1364,LBA,6,25
EI-REG00360,EI,Ryanair DAC (Ireland),B737-8,737-800,38509,8,2025-02-06,2026-06-13,52550.8,27030,BGY,6,25
EI-REG00367,EI,Ryanair DAC (Ireland),B737-8,737-800,40283,8,2025-04-01,2026-06-24,51052.8,25741,RAK,6,23
EI-REG00396,EI,Ryanair DAC (Ireland),B737-8,737-800,33620,8,2025-03-06,2026-08-17,60931.9,33944,NAP,8,25
EI-REG00406,EI,Ryanair DAC (Ireland),B737-8,737-800,35033,8,2025-01-31,2026-07-07,49020.6,25062,PFO,7,25
EI-REG00479,EI,Ryanair DAC (Ireland),M73-82,737-8200,67081,8,2025-01-04,2026-07-11,12132.9,5732,STN,6,25
EI-REG00495,EI,Ryanair DAC (Ireland),M73-82,737-8200,62376,8,2025-02-03,2026-07-22,7614.9,3663,ALC,7,33
EI-REG00496,EI,Ryanair DAC (Ireland),B737-8,737-800,33576,8,2025-04-11,2026-08-15,68012.3,40942,BGY,4,26
9H-REG00510,9H,Malta Air / Lauda Europe (Malta),M73-82,737-8200,62341,8,2025-02-04,2026-08-23,14307.8,7417,DUB,5,25
EI-REG00547,EI,Ryanair DAC (Ireland),B737-8,737-800,40315,8,2025-05-10,2025-10-31,43154.6,19807,BGY,5,25
EI-REG00556,EI,Ryanair DAC (Ireland),B737-8,737-800,35036,8,2025-01-18,2026-07-17,47956.5,24056,OPO,7,25
EI-REG00598,EI,Ryanair DAC (Ireland),M73-82,737-8200,67108,8,2025-04-15,2026-08-28,8235.1,3940,BER,7,33
G-REG00607,G,Ryanair UK (UK),B737-8,737-800,33640,8,2025-04-10,2026-07-29,61651.6,35546,MAN,3,25
EI-REG00612,EI,Ryanair DAC (Ireland),B737-8,737-800,38495,8,2026-03-08,2026-05-05,50897.6,26931,CGN,4,25
EI-REG00613,EI,Ryanair DAC (Ireland),B737-8,737-800,35019,8,2025-10-13,2026-06-30,53445.2,28891,BER,8,25
G-REG00062,G,Ryanair UK (UK),M73-82,737-8200,67128,7,2026-01-28,2026-06-30,2565.7,1194,STN,2,25
EI-REG00063,EI,Ryanair DAC (Ireland),B737-8,737-800,35551,7,2025-02-27,2026-08-04,60840.5,36207,LTN,5,23
EI-REG00086,EI,Ryanair DAC (Ireland),B737-8,737-800,36574,7,2025-06-13,2026-06-04,55230.3,31783,STN,5,25
EI-REG00157,EI,Ryanair DAC (Ireland),M73-82,737-8200,65078,7,2025-05-07,2026-07-15,17620.1,8354,STN,7,25
EI-REG00178,EI,Ryanair DAC (Ireland),B737-8,737-800,35010,7,2025-06-22,2026-02-14,53917.8,28720,BUD,5,25
EI-REG00181,EI,Ryanair DAC (Ireland),B737-8,737-800,38504,7,2025-02-13,2026-04-08,51270.7,27068,ARN,7,25
EI-REG00201,EI,Ryanair DAC (Ireland),B737-8,737-800,38506,7,2025-02-19,2026-04-27,51286.0,26847,DUB,6,23
9H-REG00203,9H,Malta Air / Lauda Europe (Malta),M73-82,737-8200,62345,7,2025-04-02,2026-06-18,12829.4,6484,PSA,6,33
EI-REG00237,EI,Ryanair DAC (Ireland),M73-82,737-8200,67132,7,2025-07-16,2026-07-26,13895.0,6511,MAN,6,25
EI-REG00247,EI,Ryanair DAC (Ireland),B737-8,737-800,37531,7,2025-03-22,2026-09-09,54898.3,29607,PSA,6,26
EI-REG00259,EI,Ryanair DAC (Ireland),M73-82,737-8200,67112,7,2025-07-15,2026-06-12,7340.3,3400,STN,5,33
EI-REG00277,EI,Ryanair DAC (Ireland),M73-82,737-8200,67087,7,2025-02-08,2026-05-31,11547.3,5374,BCN,5,33
EI-REG00293,EI,Ryanair DAC (Ireland),M73-82,737-8200,67120,7,2025-02-01,2026-08-29,7800.9,3635,SUF,7,33
EI-REG00294,EI,Ryanair DAC (Ireland),B737-8,737-800,40317,7,2025-03-11,2026-07-28,36396.6,18331,LPL,7,26
EI-REG00296,EI,Ryanair DAC (Ireland),B737-8,737-800,37539,7,2025-03-03,2026-04-17,53800.0,27249,CIA,6,25
EI-REG00299,EI,Ryanair DAC (Ireland),B737-8,737-800,33570,7,2025-01-15,2026-05-19,65991.6,40956,MAD,5,38
EI-REG00314,EI,Ryanair DAC (Ireland),B737-8,737-800,33642,7,2025-03-17,2026-07-23,58307.0,34055,STN,6,36
9H-REG00315,9H,Malta Air / Lauda Europe (Malta),M73-82,737-8200,62302,7,2025-04-26,2026-07-28,17348.7,9140,ARN,7,25
EI-REG00373,EI,Ryanair DAC (Ireland),B737-8,737-800,35003,7,2025-02-26,2025-11-30,53207.3,27999,STN,6,23
EI-REG00403,EI,Ryanair DAC (Ireland),M73-82,737-8200,67134,7,2025-02-18,2026-05-16,13131.7,6231,MAN,5,33
EI-REG00417,EI,Ryanair DAC (Ireland),B737-8,737-800,38502,7,2025-02-10,2026-07-20,45229.9,22453,STN,4,25
EI-REG00441,EI,Ryanair DAC (Ireland),M73-82,737-8200,62397,7,2025-12-09,2026-07-26,3325.5,1525,ARN,6,33
EI-REG00448,EI,Ryanair DAC (Ireland),B737-8,737-800,33583,7,2025-01-09,2026-04-17,62858.5,37777,KUN,6,38
EI-REG00457,EI,Ryanair DAC (Ireland),B737-8,737-800,33614,7,2025-02-02,2026-07-19,60283.7,36530,STN,7,25
EI-REG00475,EI,Ryanair DAC (Ireland),B737-8,737-800,33611,7,2025-06-02,2026-08-27,61308.8,36756,BGY,7,25
EI-REG00497,EI,Ryanair DAC (Ireland),B737-8,737-800,35011,7,2025-01-01,2026-09-06,55182.9,28432,CHO,6,25
EI-REG00538,EI,Ryanair DAC (Ireland),B737-8,737-800,33629,7,2025-06-12,2026-07-30,58448.9,33509,PSA,6,23
G-REG00563,G,Ryanair UK (UK),B737-8,737-800,40284,7,2025-10-31,2026-03-26,51594.7,26730,MAN,3,25
EI-REG00578,EI,Ryanair DAC (Ireland),B737-8,737-800,33571,7,2025-08-16,2026-09-01,67185.5,40333,MAD,4,23
EI-REG00587,EI,Ryanair DAC (Ireland),B737-8,737-800,34979,7,2025-06-14,2026-07-01,50820.3,27014,GDN,7,25
EI-REG00595,EI,Ryanair DAC (Ireland),M73-82,737-8200,62381,7,2025-04-21,2026-07-21,7723.8,3664,DUB,6,25
SP-REG00599,SP,Buzz (Poland),M73-82,737-8200,62390,7,2025-09-19,2026-09-11,4603.0,1999,KRK,4,25
EI-REG00603,EI,Ryanair DAC (Ireland),B737-8,737-800,38490,7,2025-12-05,2026-08-20,52290.2,28428,BLQ,4,23
EI-REG00083,EI,Ryanair DAC (Ireland),B737-8,737-800,35030,6,2025-09-02,2026-09-13,51453.2,27376,STN,5,38
EI-REG00248,EI,Ryanair DAC (Ireland),M73-82,737-8200,67121,6,2026-02-12,2026-07-27,3235.4,1523,BGY,4,33
EI-REG00253,EI,Ryanair DAC (Ireland),B737-8,737-800,38510,6,2025-04-15,2026-08-31,51954.4,28321,STN,5,25
SP-REG00290,SP,Buzz (Poland),B737-8,737-800,37518,6,2025-07-03,2026-08-19,55914.1,31472,VNO,6,25
EI-REG00291,EI,Ryanair DAC (Ireland),M73-82,737-8200,62387,6,2025-05-08,2026-08-26,5677.6,2483,EMA,5,25
G-REG00310,G,Ryanair UK (UK),B737-8,737-800,37527,6,2025-04-20,2026-03-10,56269.7,30636,STN,2,25
EI-REG00327,EI,Ryanair DAC (Ireland),B737-8,737-800,37537,6,2025-01-06,2026-05-16,52746.5,28571,STN,4,38
EI-REG00349,EI,Ryanair DAC (Ireland),M73-82,737-8200,67137,6,2025-10-14,2026-09-01,3669.5,1781,BGY,4,25
EI-REG00372,EI,Ryanair DAC (Ireland),B737-8,737-800,35012,6,2024-07-21,2026-06-20,53915.6,28910,TRS,5,36
EI-REG00395,EI,Ryanair DAC (Ireland),B737-8,737-800,38515,6,2025-03-28,2026-07-29,51165.9,26871,BGY,5,33
EI-REG00430,EI,Ryanair DAC (Ireland),M73-82,737-8200,67131,6,2026-02-14,2026-09-07,2499.6,1135,ALC,3,25
EI-REG00447,EI,Ryanair DAC (Ireland),M73-82,737-8200,67124,6,2025-10-17,2026-03-13,1833.4,773,BHX,5,25
EI-REG00450,EI,Ryanair DAC (Ireland),B737-8,737-800,40295,6,2025-04-09,2026-09-04,44746.7,21465,OPO,6,25
EI-REG00476,EI,Ryanair DAC (Ireland),B737-8,737-800,33601,6,2025-05-04,2026-08-02,62366.0,37389,BGY,4,23
EI-REG00507,EI,Ryanair DAC (Ireland),M73-82,737-8200,67109,6,2025-01-09,2026-03-25,5990.4,2806,BRS,5,25
EI-REG00509,EI,Ryanair DAC (Ireland),B737-8,737-800,33626,6,2024-12-31,2026-08-11,57636.6,33155,STN,5,23
EI-REG00511,EI,Ryanair DAC (Ireland),M73-82,737-8200,62394,6,2025-10-04,2026-07-15,3475.2,1633,ARN,6,25
EI-REG00515,EI,Ryanair DAC (Ireland),B737-8,737-800,33600,6,2025-06-09,2026-06-12,61298.9,36599,MAN,6,25
EI-REG00517,EI,Ryanair DAC (Ireland),M73-82,737-8200,67068,6,2025-10-27,2026-08-15,3471.1,1737,PMI,4,25
EI-REG00536,EI,Ryanair DAC (Ireland),B737-8,737-800,38499,6,2025-01-20,2026-08-15,52506.2,26933,ARN,6,26
EI-REG00546,EI,Ryanair DAC (Ireland),M73-82,737-8200,62382,6,2025-02-06,2026-05-17,6656.6,2901,MAN,5,25
EI-REG00553,EI,Ryanair DAC (Ireland),B737-8,737-800,33635,6,2025-02-14,2026-08-11,55115.2,31717,BCN,5,23
EI-REG00558,EI,Ryanair DAC (Ireland),B737-8,737-800,35043,6,2025-02-24,2026-07-10,45062.1,22595,FAO,5,23
EI-REG00567,EI,Ryanair DAC (Ireland),B737-8,737-800,37522,6,2025-01-26,2026-05-22,53307.1,30921,CRL,6,25
EI-REG00568,EI,Ryanair DAC (Ireland),B737-8,737-800,37512,6,2025-04-09,2026-07-21,54212.3,30847,AGP,6,23
EI-REG00576,EI,Ryanair DAC (Ireland),M73-82,737-8200,62384,6,2025-02-10,2026-05-19,6729.3,3079,MAD,5,25
9H-REG00577,9H,Malta Air / Lauda Europe (Malta),B737-8,737-800,44700,6,2025-01-11,2026-08-23,34953.9,20270,DUB,5,25
G-REG00582,G,Ryanair UK (UK),B737-8,737-800,40285,6,2022-07-28,2026-03-27,51880.0,25725,STN,3,25
EI-REG00586,EI,Ryanair DAC (Ireland),B737-8,737-800,40288,6,2025-05-07,2026-08-22,44699.1,22798,CPH,6,25
EI-REG00588,EI,Ryanair DAC (Ireland),B737-8,737-800,33825,6,2025-01-07,2026-04-29,62675.4,37098,CTA,5,25
EI-REG00593,EI,Ryanair DAC (Ireland),B737-8,737-800,33630,6,2025-02-16,2026-09-02,57056.1,33827,FKB,6,33
9H-REG00596,9H,Malta Air / Lauda Europe (Malta),B737-8,737-800,36077,6,2025-01-20,2026-08-26,59442.8,34077,STN,5,25
EI-REG00606,EI,Ryanair DAC (Ireland),B737-8,737-800,40300,6,2025-03-15,2026-09-05,48648.1,25090,PFO,6,25
9H-REG00005,9H,Malta Air / Lauda Europe (Malta),B737-8,737-800,33580,5,2023-05-31,2026-04-05,62889.2,38794,MAD,4,25
EI-REG00095,EI,Ryanair DAC (Ireland),B737-8,737-800,38514,5,2025-08-18,2026-08-13,52531.2,27963,CRL,4,25
9H-REG00141,9H,Malta Air / Lauda Europe (Malta),B737-8,737-800,33581,5,2025-06-16,2025-09-10,60616.9,37159,LBA,5,25
EI-REG00171,EI,Ryanair DAC (Ireland),B737-8,737-800,37533,5,2025-01-08,2026-08-24,55700.9,29530,BCN,4,36
EI-REG00212,EI,Ryanair DAC (Ireland),M73-82,737-8200,67065,5,2026-01-14,2026-05-13,2256.6,1007,STN,4,25
EI-REG00243,EI,Ryanair DAC (Ireland),M73-82,737-8200,67082,5,2025-02-18,2026-03-03,10389.6,4836,EMA,4,33
EI-REG00341,EI,Ryanair DAC (Ireland),B737-8,737-800,38503,5,2025-05-21,2026-05-07,51486.0,26425,BCN,5,25
EI-REG00456,EI,Ryanair DAC (Ireland),M73-82,737-8200,62392,5,2025-08-22,2026-07-04,3385.7,1574,DUB,4,33
9H-REG00482,9H,Malta Air / Lauda Europe (Malta),B737-8,737-800,33824,5,2025-05-14,2026-06-05,64063.2,38104,FAO,5,25
EI-REG00492,EI,Ryanair DAC (Ireland),B737-8,737-800,37524,5,2025-12-18,2026-07-11,54668.1,30422,TLS,4,23
EI-REG00502,EI,Ryanair DAC (Ireland),B737-8,737-800,33616,5,2025-01-31,2026-07-06,58927.2,34478,BGY,4,23
EI-REG00513,EI,Ryanair DAC (Ireland),M73-82,737-8200,62389,5,2025-07-23,2026-08-03,5295.7,2313,DUB,4,25
EI-REG00518,EI,Ryanair DAC (Ireland),M73-82,737-8200,62386,5,2025-07-16,2026-01-26,3107.7,1356,MAN,5,25
SP-REG00535,SP,Buzz (Poland),M73-82,737-8200,67122,5,2025-09-12,2026-05-23,3234.5,1511,KRK,4,25
EI-REG00544,EI,Ryanair DAC (Ireland),B737-8,737-800,36076,5,2025-05-22,2026-03-12,57917.2,33849,BCN,5,23
SP-REG00557,SP,Buzz (Poland),M73-82,737-8200,62385,5,2025-04-09,2026-01-29,3330.7,1523,KRK,5,25
EI-REG00560,EI,Ryanair DAC (Ireland),M73-82,737-8200,62398,5,2025-11-21,2026-06-06,2818.6,1244,STN,4,25
9H-REG00562,9H,Malta Air / Lauda Europe (Malta),M73-82,737-8200,62361,5,2025-09-02,2026-07-27,11483.8,5974,MLA,3,33
EI-REG00569,EI,Ryanair DAC (Ireland),M73-82,737-8200,67063,5,2025-08-15,2026-09-06,4313.3,1881,LIS,3,25
SP-REG00575,SP,Buzz (Poland),M73-82,737-8200,67069,5,2025-04-27,2026-05-24,4945.0,2430,KRK,3,25
EI-REG00594,EI,Ryanair DAC (Ireland),B737-8,737-800,33632,5,2025-03-14,2026-07-04,57364.5,32730,CIA,5,23
EI-REG00605,EI,Ryanair DAC (Ireland),B737-8,737-800,33638,5,2025-01-18,2026-02-03,56033.0,32139,CTA,5,25
EI-REG00021,EI,Ryanair DAC (Ireland),B737-8,737-800,33619,4,2025-09-02,2026-07-07,59211.3,34006,DUB,3,25
EI-REG00101,EI,Ryanair DAC (Ireland),M73-82,737-8200,62396,4,2025-09-30,2026-07-06,3122.6,1360,AGP,4,25
EI-REG00220,EI,Ryanair DAC (Ireland),B737-8,737-800,35038,4,2025-09-02,2026-07-21,48141.8,25017,BER,4,25
SP-REG00429,SP,Buzz (Poland),M73-82,737-8200,67130,4,2026-04-21,2026-09-10,2357.9,1117,KRK,2,38
SP-REG00459,SP,Buzz (Poland),B737-8,737-800,33573,4,2025-04-27,2026-08-14,66210.0,40004,BGY,4,23
EI-REG00462,EI,Ryanair DAC (Ireland),B737-8,737-800,35009,4,2025-01-17,2026-05-21,54689.8,28166,DUB,4,33
EI-REG00504,EI,Ryanair DAC (Ireland),M73-82,737-8200,67093,4,2025-10-14,2026-09-07,9265.3,4523,ALC,2,33
9H-REG00537,9H,Malta Air / Lauda Europe (Malta),32S,A320,5015,4,2025-11-25,2026-05-29,35343.5,23137,ZAG,2,25
9H-REG00543,9H,Malta Air / Lauda Europe (Malta),32S,A320,2252,4,2025-04-24,2026-09-13,61609.2,30450,PMI,3,25
9H-REG00572,9H,Malta Air / Lauda Europe (Malta),B737-8,737-800,44705,4,2025-10-20,2026-07-27,32640.6,18689,STN,4,25
EI-REG00581,EI,Ryanair DAC (Ireland),M73-82,737-8200,67118,4,2025-11-14,2026-06-09,3445.8,1443,DUB,3,25
EI-REG00597,EI,Ryanair DAC (Ireland),B737-8,737-800,35006,4,2025-08-22,2026-09-05,54917.1,30398,BCN,4,23
9H-REG00608,9H,Malta Air / Lauda Europe (Malta),B737-8,737-800,33589,4,2025-04-30,2026-01-23,61909.4,36654,CRL,3,23
EI-REG00609,EI,Ryanair DAC (Ireland),M73-82,737-8200,67129,4,2026-03-07,2026-08-31,2470.5,991,ARN,4,25
EI-REG00622,EI,Ryanair DAC (Ireland),B737-8,737-800,33565,4,2025-10-16,2026-07-21,68480.9,41901,MAD,4,23
EI-REG00625,EI,Ryanair DAC (Ireland),B737-8,737-800,33613,4,2026-01-21,2026-07-01,60239.4,35670,BLQ,4,23
EI-REG00370,EI,Ryanair DAC (Ireland),B737-8,737-800,35037,3,2025-04-21,2026-03-20,46251.9,23033,FEZ,3,26
EI-REG00377,EI,Ryanair DAC (Ireland),B737-8,737-800,35028,3,2025-08-04,2026-06-03,52945.1,25625,SNN,3,25
EI-REG00584,EI,Ryanair DAC (Ireland),B737-8,737-800,38491,3,2025-08-15,2026-09-03,52648.2,28162,BLQ,3,38
EI-REG00610,EI,Ryanair DAC (Ireland),M73-82,737-8200,62395,3,2026-08-13,2026-08-29,3601.5,1715,PFO,1,25
EI-REG00619,EI,Ryanair DAC (Ireland),M73-82,737-8200,62399,3,2025-10-08,2026-08-14,3412.3,1559,OPO,3,25
SP-REG00620,SP,Buzz (Poland),B737-8,737-800,33643,3,2025-06-14,2025-12-23,55472.3,31263,PRG,3,33
9H-REG00624,9H,Malta Air / Lauda Europe (Malta),32S,A320,3616,3,2025-07-13,2026-07-02,55546.8,36671,VIE,2,25
9H-REG00399,9H,Malta Air / Lauda Europe (Malta),32S,A320,3105,2,2026-04-29,2026-06-02,45085.5,24635,VIE,1,38
EI-REG00453,EI,Ryanair DAC (Ireland),M73-82,737-8200,67064,2,2025-11-09,2026-05-26,2459.3,1032,OPO,2,33
EI-REG00589,EI,Ryanair DAC (Ireland),B737-8,737-800,37528,2,2025-09-10,2025-09-13,51615.6,28594,CRL,2,25
SP-REG00592,SP,Buzz (Poland),M73-82,737-8200,67126,2,2026-08-14,2026-08-26,2283.2,1166,KRK,2,23
EI-REG00616,EI,Ryanair DAC (Ireland),M73-82,737-8200,67066,2,2025-12-16,2026-02-25,1493.5,643,PFO,1,25
9H-REG00617,9H,Malta Air / Lauda Europe (Malta),32S,A320,2502,2,2025-05-06,2025-05-06,52522.0,28308,VIE,1,38
EI-REG00623,EI,Ryanair DAC (Ireland),B737-8,737-800,35013,2,2025-08-16,2026-02-21,52738.2,28192,DUB,2,33
9H-REG00149,9H,Malta Air / Lauda Europe (Malta),32S,A320,2994,1,2026-04-21,2026-04-21,64016.0,41373,PMI,1,38
9H-REG00531,9H,Malta Air / Lauda Europe (Malta),32S,A320,4603,1,2026-04-03,2026-04-03,46640.7,30212,VIE,1,25
9H-REG00618,9H,Malta Air / Lauda Europe (Malta),32S,A320,3131,1,2025-02-02,2025-02-02,48630.5,26777,ZAG,1,38
EI-REG00621,EI,Ryanair DAC (Ireland),M73-82,737-8200,67123,1,2026-01-31,2026-01-31,1342.4,611,MAD,1,33
EI-REG00626,EI,Ryanair DAC (Ireland),B737-8,737-800,33717,1,2015-01-09,2015-01-09,39579.0,25282,STN,1,38
9H-REG00627,9H,Malta Air / Lauda Europe (Malta),32S,A320,2928,1,,,53514.4,29883,VIE,1,38
EI-REG00628,EI,Ryanair DAC (Ireland),M73-82,737-8200,67125,1,2025-10-29,2025-10-29,218.0,90,PFO,1,34
SP-REG00629,SP,Buzz (Poland),B737-7,737-700,29078,1,2026-01-10,2026-01-10,51904.4,53392,KTW,1,80
